<?xml version="1.0" encoding="UTF-8"?>

<Patient xmlns="http://hl7.org/fhir">
  <id value="JanniceSorengTo"/>
  <meta>
    <profile value="http://hl7.no/fhir/no-basis/StructureDefinition/no-basis-Patient"/>
  </meta>
  <text>
    <status value="extensions"/><div xmlns="http://www.w3.org/1999/xhtml"><p><b>Generated Narrative</b></p><blockquote><p><b>citizenship</b></p><p><b>value</b>: <span title="Codes: {urn:iso:std:iso:3166 NO}">Norway</span></p></blockquote><p><b>identifier</b>: id: 21030550231, id: 123</p><p><b>name</b>: Jannice SørengTo </p><p><b>telecom</b>: <a href="tel:+4733445566">+4733445566</a></p><p><b>gender</b>: female</p><p><b>address</b>: Karisvingen 44 Oslo 0603 NO (HOME)</p><p><b>maritalStatus</b>: <span title="Codes: {http://terminology.hl7.org/CodeSystem/v3-MaritalStatus U}">unmarried</span></p><h3>Contacts</h3><table class="grid"><tr><td>-</td><td><b>Relationship</b></td><td><b>Name</b></td></tr><tr><td>*</td><td><span title="Codes: {http://terminology.hl7.org/CodeSystem/v2-0131 C}">Emergency Contact</span>, <span title="Codes: ">Bror</span></td><td>Pål Pårørende Olsen</td></tr></table><h3>Communications</h3><table class="grid"><tr><td>-</td><td><b>Language</b></td></tr><tr><td>*</td><td><span title="Codes: ">Norsk</span></td></tr></table><p><b>generalPractitioner</b>: <span>SIDSEL AASE JAVERY</span></p></div>
  </text>
  <extension url="http://hl7.org/fhir/StructureDefinition/patient-citizenship">
    <extension url="code">
      <valueCodeableConcept>
        <coding>
          <system value="urn:iso:std:iso:3166"/>
          <code value="NO"/>
        </coding>
      </valueCodeableConcept>
    </extension>
  </extension>
  <identifier>
    <system value="urn:oid:2.16.578.1.12.4.1.4.1"/>
    <value value="21030550231"/>
  </identifier>
  <identifier>
    <system value="http://profil.visma.no/lopenummer"/>
    <value value="123"/>
  </identifier>
  <name>
    <family value="SørengTo"/>
    <given value="Jannice"/>
  </name>
  <telecom>
    <system value="phone"/>
    <value value="+4733445566"/>
    <use value="home"/>
  </telecom>
  <gender value="female"/>
  <address>
    <extension url="http://hl7.no/fhir/no-basis/StructureDefinition/no-basis-propertyinformation">
      <extension url="municipality">
        <valueCoding>
          <system value="urn:oid:2.16.578.1.12.4.1.1.3402"/>
          <code value="0301"/>
          <display value="Oslo"/>
        </valueCoding>
      </extension>
    </extension>
    <extension url="http://hl7.no/fhir/no-basis/StructureDefinition/no-basis-address-official">
      <valueBoolean value="true"/>
    </extension>
    <use value="home"/>
    <line value="Karisvingen 44"/>
    <city value="Oslo"/>
    <district value="Oslo">
      <extension url="http://hl7.no/fhir/StructureDefinition/no-basis-municipalitycode">
        <valueCoding>
          <system value="https://register.geonorge.no/subregister/sosi-kodelister/kartverket/kommunenummer-alle"/>
          <code value="0301"/>
        </valueCoding>
      </extension>
    </district>
    <postalCode value="0603"/>
    <country value="NO"/>
  </address>
  <maritalStatus>
    <coding>
      <system value="http://terminology.hl7.org/CodeSystem/v3-MaritalStatus"/>
      <code value="U"/>
      <display value="unmarried"/>
    </coding>
  </maritalStatus>
  <contact>
    <relationship>
      <coding>
        <system value="http://terminology.hl7.org/CodeSystem/v2-0131"/>
        <code value="C"/>
        <display value="Emergency Contact"/>
      </coding>
    </relationship>
    <relationship>
      <text value="Bror"/>
    </relationship>
    <name>
      <extension url="http://hl7.no/fhir/StructureDefinition/no-basis-middlename">
        <valueString value="Pårørende"/>
      </extension>
      <text value="Pål Pårørende Olsen"/>
      <family value="Olsen"/>
      <given value="Pål"/>
    </name>
  </contact>
  <communication>
    <language>
      <text value="Norsk"/>
    </language>
  </communication>
  <generalPractitioner>
    <identifier>
      <system value="urn:oid:2.16.578.1.12.4.1.2"/>
      <value value="720"/>
    </identifier>
    <display value="SIDSEL AASE JAVERY"/>
  </generalPractitioner>
</Patient>