<?xml version="1.0" encoding="UTF-8"?>

<SearchParameter xmlns="http://hl7.org/fhir">
  <id value="no-basis-middlename"/>
  <text>
    <status value="generated"/><div xmlns="http://www.w3.org/1999/xhtml"><p><b>Generated Narrative</b></p><p><b>url</b>: <code>http://hl7.no/fhir/SearchParameter/no-basis-middlename</code></p><p><b>version</b>: 2.1.1</p><p><b>name</b>: NoBasisMiddlename</p><p><b>status</b>: active</p><p><b>date</b>: Nov 3, 2021, 5:57:59 PM</p><p><b>description</b>: SearchParameter for the Norwegian middlename extension http://hl7.no/fhir/StructureDefinition/no-basis-middlename</p><p><b>jurisdiction</b>: <span title="Codes: {urn:iso:std:iso:3166 NO}">Norway</span></p><p><b>code</b>: middlename</p><p><b>base</b>: Patient, Practitioner, Person</p><p><b>type</b>: string</p><p><b>expression</b>: Patient.name.extension.where(url='http://hl7.no/fhir/StructureDefinition/no-basis-middlename').value | Practitioner.name.extension.where(url='http://hl7.no/fhir/StructureDefinition/no-basis-middlename').value | Person.name.extension.where(url='http://hl7.no/fhir/StructureDefinition/no-basis-middlename').value</p><p><b>xpath</b>: f:Patient/f:name/f:extension[@url='http://hl7.no/fhir/StructureDefinition/no-basis-middlename'] | f:Practitioner/f:name/f:extension[@url='http://hl7.no/fhir/StructureDefinition/no-basis-middlename'] | f:Person/f:name/f:extension[@url='http://hl7.no/fhir/StructureDefinition/no-basis-middlename']</p><p><b>xpathUsage</b>: normal</p><p><b>multipleOr</b>: true</p><p><b>multipleAnd</b>: true</p><p><b>modifier</b>: missing, exact, contains</p></div>
  </text>
  <url value="http://hl7.no/fhir/SearchParameter/no-basis-middlename"/>
  <version value="2.1.1"/>
  <name value="NoBasisMiddlename"/>
  <status value="active"/>
  <date value="2021-11-03T17:57:59+00:00"/>
  <description value="SearchParameter for the Norwegian middlename extension http://hl7.no/fhir/StructureDefinition/no-basis-middlename"/>
  <jurisdiction>
    <coding>
      <system value="urn:iso:std:iso:3166"/>
      <code value="NO"/>
      <display value="Norway"/>
    </coding>
  </jurisdiction>
  <code value="middlename"/>
  <base value="Patient"/>
  <base value="Practitioner"/>
  <base value="Person"/>
  <type value="string"/>
  <expression value="Patient.name.extension.where(url=&#39;http://hl7.no/fhir/StructureDefinition/no-basis-middlename&#39;).value | Practitioner.name.extension.where(url=&#39;http://hl7.no/fhir/StructureDefinition/no-basis-middlename&#39;).value | Person.name.extension.where(url=&#39;http://hl7.no/fhir/StructureDefinition/no-basis-middlename&#39;).value"/>
  <xpath value="f:Patient/f:name/f:extension[@url=&#39;http://hl7.no/fhir/StructureDefinition/no-basis-middlename&#39;] | f:Practitioner/f:name/f:extension[@url=&#39;http://hl7.no/fhir/StructureDefinition/no-basis-middlename&#39;] | f:Person/f:name/f:extension[@url=&#39;http://hl7.no/fhir/StructureDefinition/no-basis-middlename&#39;]"/>
  <xpathUsage value="normal"/>
  <multipleOr value="true"/>
  <multipleAnd value="true"/>
  <modifier value="missing"/>
  <modifier value="exact"/>
  <modifier value="contains"/>
</SearchParameter>