<?xml version="1.0" encoding="UTF-8"?>

<ValueSet xmlns="http://hl7.org/fhir">
  <id value="no-basis-connection-type.valueset"/>
  <meta>
    <versionId value="1"/>
    <lastUpdated value="2018-10-16T10:48:46.366+00:00"/>
  </meta>
  <text>
    <status value="generated"/><div xmlns="http://www.w3.org/1999/xhtml"><p>This value set includes codes based on the following rules:</p><ul><li>Include all codes defined in <a href="CodeSystem-no-basis-connection-type.codesystem.html"><code>http://hl7.no/fhir/CodeSystem/no-basis-connection-type</code></a></li><li>Include all codes defined in <a href="http://terminology.hl7.org/2.1.0/CodeSystem-endpoint-connection-type.html"><code>http://terminology.hl7.org/CodeSystem/endpoint-connection-type</code></a></li></ul></div>
  </text>
  <url value="http://hl7.no/fhir/ValueSet/no-basis-connection-type"/>
  <version value="2.1.1"/>
  <name value="NoBasisConnectionType"/>
  <title value="no-basis-connection-type.valueset"/>
  <status value="active"/>
  <experimental value="true"/>
  <date value="2019-03-13T10:48:45.936+00:00"/>
  <publisher value="Direktoratet for e-helse"/>
  <description value="ValueSet for connection types used in Endpoint definition. Includes all Norwegian specific types (no-basis-connection-type) and the extensible HL7 CodeSystem for connection-type"/>
  <jurisdiction>
    <coding>
      <system value="urn:iso:std:iso:3166"/>
      <code value="NO"/>
      <display value="Norway"/>
    </coding>
  </jurisdiction>
  <immutable value="false"/>
  <compose>
    <include>
      <system value="http://hl7.no/fhir/CodeSystem/no-basis-connection-type"/>
    </include>
    <include>
      <system value="http://terminology.hl7.org/CodeSystem/endpoint-connection-type"/>
    </include>
  </compose>
</ValueSet>