<?xml version="1.0" encoding="UTF-8"?>

<ValueSet xmlns="http://hl7.org/fhir">
  <id value="no-basis-marital-status.valueset"/>
  <text>
    <status value="generated"/><div xmlns="http://www.w3.org/1999/xhtml"><ul><li>Include all codes defined in <a href="CodeSystem-no-basis-marital-status.codesystem.html"><code>http://hl7.no/fhir/CodeSystem/no-basis-marital-status</code></a></li></ul></div>
  </text>
  <url value="http://hl7.no/fhir/ValueSet/no-basis-marital-status"/>
  <version value="2.0.17-alpha"/>
  <name value="NoBasisMaritalStatus"/>
  <title value="no-basis-marital-status.valueset"/>
  <status value="active"/>
  <experimental value="true"/>
  <date value="2020-03-20T10:48:45.936+00:00"/>
  <publisher value="Direktoratet for e-helse"/>
  <description value="Copy of Codes from Sivilstandstype defined by Skatteetaten"/>
  <jurisdiction>
    <coding>
      <system value="urn:iso:std:iso:3166"/>
      <code value="NO"/>
      <display value="Norway"/>
    </coding>
  </jurisdiction>
  <immutable value="false"/>
  <compose>
    <include>
      <system value="http://hl7.no/fhir/CodeSystem/no-basis-marital-status"/>
    </include>
  </compose>
</ValueSet>