<?xml version="1.0" encoding="UTF-8"?><CodeSystem xmlns="http://hl7.org/fhir"><id value="no-basis-marital-status.codesystem"/><meta><versionId value="1"/><lastUpdated value="2019-05-07T00:00:00.000+00:00"/></meta><text><status value="generated"/><div xmlns="http://www.w3.org/1999/xhtml"><p>This code system http://hl7.no/fhir/CodeSystem/no-basis-marital-status defines the following codes:</p><table class="codes"><tr><td style="white-space:nowrap"><b>Code</b></td><td><b>Display</b></td><td><b>Definition</b></td></tr><tr><td style="white-space:nowrap">uoppgitt<a name="no-basis-marital-status.codesystem-uoppgitt"> </a></td><td>Uoppgitt</td><td>sivilstand er ikke stadfestet med godkjent grunnlag</td></tr><tr><td style="white-space:nowrap">ugift<a name="no-basis-marital-status.codesystem-ugift"> </a></td><td>Ugift</td><td>person som aldri har inngått ekteskap</td></tr><tr><td style="white-space:nowrap">gift<a name="no-basis-marital-status.codesystem-gift"> </a></td><td>Gift</td><td>person som er i et ekteskap</td></tr><tr><td style="white-space:nowrap">enkeEllerEnkemann<a name="no-basis-marital-status.codesystem-enkeEllerEnkemann"> </a></td><td>Enke eller enkemann</td><td>gjenlevende person fra et ekteskap</td></tr><tr><td style="white-space:nowrap">skilt<a name="no-basis-marital-status.codesystem-skilt"> </a></td><td>Skilt</td><td>person som er lovlig skilt fra tidligere ektefelle</td></tr><tr><td style="white-space:nowrap">separert<a name="no-basis-marital-status.codesystem-separert"> </a></td><td>Separert</td><td>person som er i en separasjonsperiode fra sin ektefelle</td></tr><tr><td style="white-space:nowrap">registrertPartner<a name="no-basis-marital-status.codesystem-registrertPartner"> </a></td><td>Registrert partner</td><td>person som er i et partnerskap iht partnerskapsloven</td></tr><tr><td style="white-space:nowrap">separertPartner<a name="no-basis-marital-status.codesystem-separertPartner"> </a></td><td>Separert partner</td><td>person som er i en separasjonsperiode fra sin partner</td></tr><tr><td style="white-space:nowrap">skiltPartner<a name="no-basis-marital-status.codesystem-skiltPartner"> </a></td><td>Skilt partner</td><td>person som er lovlig skilt fra tidligere partner</td></tr><tr><td style="white-space:nowrap">gjenlevende_partner<a name="no-basis-marital-status.codesystem-gjenlevende_partner"> </a></td><td>Gjenlevende partner</td><td>gjenlevende person fra et partnerskap</td></tr></table></div></text><url value="http://hl7.no/fhir/CodeSystem/no-basis-marital-status"/><version value="2.0.17-alpha"/><name value="NoBasisMaritalStatus"/><title value="no-basis-marital-status.codesystem"/><status value="active"/><date value="2019-05-07T00:00:00+00:00"/><publisher value="Copy of Codes from Sivilstandstype defined by Skatteetaten"/><content value="complete"/><count value="10"/><concept><code value="uoppgitt"/><display value="Uoppgitt"/><definition value="sivilstand er ikke stadfestet med godkjent grunnlag"/></concept><concept><code value="ugift"/><display value="Ugift"/><definition value="person som aldri har inngått ekteskap"/></concept><concept><code value="gift"/><display value="Gift"/><definition value="person som er i et ekteskap"/></concept><concept><code value="enkeEllerEnkemann"/><display value="Enke eller enkemann"/><definition value="gjenlevende person fra et ekteskap"/></concept><concept><code value="skilt"/><display value="Skilt"/><definition value="person som er lovlig skilt fra tidligere ektefelle"/></concept><concept><code value="separert"/><display value="Separert"/><definition value="person som er i en separasjonsperiode fra sin ektefelle"/></concept><concept><code value="registrertPartner"/><display value="Registrert partner"/><definition value="person som er i et partnerskap iht partnerskapsloven"/></concept><concept><code value="separertPartner"/><display value="Separert partner"/><definition value="person som er i en separasjonsperiode fra sin partner"/></concept><concept><code value="skiltPartner"/><display value="Skilt partner"/><definition value="person som er lovlig skilt fra tidligere partner"/></concept><concept><code value="gjenlevende_partner"/><display value="Gjenlevende partner"/><definition value="gjenlevende person fra et partnerskap"/></concept></CodeSystem>