<?xml version="1.0" encoding="UTF-8"?><CodeSystem xmlns="http://hl7.org/fhir"><id value="no-basis-parental-responsibility.codesystem"/><meta><versionId value="1"/><lastUpdated value="2019-05-07T00:00:00.000+00:00"/></meta><text><status value="generated"/><div xmlns="http://www.w3.org/1999/xhtml"><p>This code system http://hl7.no/fhir/CodeSystem/no-basis-parental-responsibility defines the following codes:</p><table class="codes"><tr><td style="white-space:nowrap"><b>Code</b></td><td><b>Display</b></td></tr><tr><td style="white-space:nowrap">felles<a name="no-basis-parental-responsibility.codesystem-felles"> </a></td><td>Felles</td></tr><tr><td style="white-space:nowrap">mor<a name="no-basis-parental-responsibility.codesystem-mor"> </a></td><td>Mor</td></tr><tr><td style="white-space:nowrap">far<a name="no-basis-parental-responsibility.codesystem-far"> </a></td><td>Far</td></tr><tr><td style="white-space:nowrap">medmor<a name="no-basis-parental-responsibility.codesystem-medmor"> </a></td><td>Medmor</td></tr><tr><td style="white-space:nowrap">andre<a name="no-basis-parental-responsibility.codesystem-andre"> </a></td><td>Andre</td></tr><tr><td style="white-space:nowrap">ukjent<a name="no-basis-parental-responsibility.codesystem-ukjent"> </a></td><td>Ukjent</td></tr></table></div></text><url value="http://hl7.no/fhir/CodeSystem/no-basis-parental-responsibility"/><version value="2.1.1"/><name value="NoBasisParentalResponsibility"/><title value="no-basis-parental-responsibility.codesystem"/><status value="active"/><date value="2019-05-15T00:00:00+00:00"/><publisher value="Copy of Codes from Foreldreansvar defined by Skatteetaten"/><description value="Copy of Codes from Foreldreansvar defined by Skatteetaten"/><jurisdiction><coding><system value="urn:iso:std:iso:3166"/><code value="NO"/><display value="Norway"/></coding></jurisdiction><content value="complete"/><count value="6"/><concept><code value="felles"/><display value="Felles"/></concept><concept><code value="mor"/><display value="Mor"/></concept><concept><code value="far"/><display value="Far"/></concept><concept><code value="medmor"/><display value="Medmor"/></concept><concept><code value="andre"/><display value="Andre"/></concept><concept><code value="ukjent"/><display value="Ukjent"/></concept></CodeSystem>