<?xml version="1.0" encoding="UTF-8"?><ImplementationGuide xmlns="http://hl7.org/fhir"><id value="hl7.fhir.no.basis"/><text><status value="extensions"/><div xmlns="http://www.w3.org/1999/xhtml"><h2>NoBasis</h2><p>The official URL for this implementation guide is: </p><pre>http://hl7.no/fhir/no-basis/ImplementationGuide/hl7.fhir.no.basis</pre></div></text><url value="http://hl7.no/fhir/no-basis/ImplementationGuide/hl7.fhir.no.basis"/><version value="2.0.17-alpha"/><name value="NoBasis"/><status value="active"/><date value="2021-09-27T18:51:25+00:00"/><packageId value="hl7.fhir.no.basis"/><license value="CC0-1.0"/><fhirVersion value="4.0.1"/><definition><extension url="http://hl7.org/fhir/tools/StructureDefinition/ig-parameter"><extension url="code"><valueString value="copyrightyear"/></extension><extension url="value"><valueString value="2021+"/></extension></extension><extension url="http://hl7.org/fhir/tools/StructureDefinition/ig-parameter"><extension url="code"><valueString value="releaselabel"/></extension><extension url="value"><valueString value="ci-build"/></extension></extension><extension url="http://hl7.org/fhir/tools/StructureDefinition/ig-parameter"><extension url="code"><valueString value="path-liquid"/></extension><extension url="value"><valueString value="template/liquid"/></extension></extension><extension url="http://hl7.org/fhir/tools/StructureDefinition/ig-parameter"><extension url="code"><valueString value="path-liquid"/></extension><extension url="value"><valueString value="input/liquid"/></extension></extension><extension url="http://hl7.org/fhir/tools/StructureDefinition/ig-parameter"><extension url="code"><valueString value="path-qa"/></extension><extension url="value"><valueString value="temp/qa"/></extension></extension><extension url="http://hl7.org/fhir/tools/StructureDefinition/ig-parameter"><extension url="code"><valueString value="path-temp"/></extension><extension url="value"><valueString value="temp/pages"/></extension></extension><extension url="http://hl7.org/fhir/tools/StructureDefinition/ig-parameter"><extension url="code"><valueString value="path-output"/></extension><extension url="value"><valueString value="output"/></extension></extension><extension url="http://hl7.org/fhir/tools/StructureDefinition/ig-parameter"><extension url="code"><valueString value="path-suppressed-warnings"/></extension><extension url="value"><valueString value="input/ignoreWarnings.txt"/></extension></extension><extension url="http://hl7.org/fhir/tools/StructureDefinition/ig-parameter"><extension url="code"><valueString value="path-history"/></extension><extension url="value"><valueString value="http://hl7.no/fhir/no-basis/history.html"/></extension></extension><extension url="http://hl7.org/fhir/tools/StructureDefinition/ig-parameter"><extension url="code"><valueString value="template-html"/></extension><extension url="value"><valueString value="template-page.html"/></extension></extension><extension url="http://hl7.org/fhir/tools/StructureDefinition/ig-parameter"><extension url="code"><valueString value="template-md"/></extension><extension url="value"><valueString value="template-page-md.html"/></extension></extension><extension url="http://hl7.org/fhir/tools/StructureDefinition/ig-parameter"><extension url="code"><valueString value="apply-contact"/></extension><extension url="value"><valueString value="true"/></extension></extension><extension url="http://hl7.org/fhir/tools/StructureDefinition/ig-parameter"><extension url="code"><valueString value="apply-context"/></extension><extension url="value"><valueString value="true"/></extension></extension><extension url="http://hl7.org/fhir/tools/StructureDefinition/ig-parameter"><extension url="code"><valueString value="apply-copyright"/></extension><extension url="value"><valueString value="true"/></extension></extension><extension url="http://hl7.org/fhir/tools/StructureDefinition/ig-parameter"><extension url="code"><valueString value="apply-jurisdiction"/></extension><extension url="value"><valueString value="true"/></extension></extension><extension url="http://hl7.org/fhir/tools/StructureDefinition/ig-parameter"><extension url="code"><valueString value="apply-license"/></extension><extension url="value"><valueString value="true"/></extension></extension><extension url="http://hl7.org/fhir/tools/StructureDefinition/ig-parameter"><extension url="code"><valueString value="apply-publisher"/></extension><extension url="value"><valueString value="true"/></extension></extension><extension url="http://hl7.org/fhir/tools/StructureDefinition/ig-parameter"><extension url="code"><valueString value="apply-version"/></extension><extension url="value"><valueString value="true"/></extension></extension><extension url="http://hl7.org/fhir/tools/StructureDefinition/ig-parameter"><extension url="code"><valueString value="active-tables"/></extension><extension url="value"><valueString value="true"/></extension></extension><grouping id="-dyn-searchparameter"><name value="Behavior: Search Parameters"/><description value="These define the properties by which a RESTful server can be searched.  They can also be used for sorting and including related resources."/></grouping><grouping id="-str-profile"><name value="Structures: Resource Profiles"/><description value="These define constraints on FHIR resources for systems conforming to this implementation guide"/></grouping><grouping id="-str-datatype"><name value="Structures: Data Type Profiles"/><description value="These define constraints on FHIR data types for systems conforming to this implementation guide"/></grouping><grouping id="-str-extension"><name value="Structures: Extension Definitions"/><description value="These define constraints on FHIR data types for systems conforming to this implementation guide"/></grouping><grouping id="-term-valueset"><name value="Terminology: Value Sets"/><description value="These define sets of codes used by systems conforming to this implementation guide"/></grouping><grouping id="-term-codesystem"><name value="Terminology: Code Systems"/><description value="These define new code systems used by systems conforming to this implementation guide"/></grouping><grouping id="-term-namingsystem"><name value="Terminology: Naming Systems"/><description value="These define identifier and/or code system identities used by systems conforming to this implementation guide"/></grouping><grouping id="-ex-example"><name value="Example: Example Instances"/><description value="These are example instances that show what data produced and consumed by systems conforming with this implementation guide might look like"/></grouping><resource><extension url="http://hl7.org/fhir/StructureDefinition/implementationguide-page"><valueUri value="StructureDefinition-no-basis-Address.html"/></extension><reference><reference value="StructureDefinition/no-basis-Address"/></reference><name value="no-basis-Address"/><description value="Basisprofil for Norwegian Address information. Defined by The Norwegian Directorate of eHealth and HL7 Norway. The profile adds Norwegian specific property information, official use of address and further explanation of the use for the data-elements in a Norwegian address. The basis profile is open, but derived profiles should close down the information elements according to specification relevant to the use-case."/><exampleBoolean value="false"/><groupingId value="-str-datatype"/></resource><resource><extension url="http://hl7.org/fhir/StructureDefinition/implementationguide-page"><valueUri value="StructureDefinition-no-basis-HumanName.html"/></extension><reference><reference value="StructureDefinition/no-basis-HumanName"/></reference><name value="no-basis-HumanName"/><description value="Basisprofil for Norwegian HumanName. Defined by The Norwegian Directorate of eHealth and HL7 Norway. The profile adds the concept of middlename and further explains of the use for the data-elements in a Norwegian context. The basis profile is open, but derived profiles should close down the information elements according to specification relevant to the use-case."/><exampleBoolean value="false"/><groupingId value="-str-datatype"/></resource><resource><extension url="http://hl7.org/fhir/StructureDefinition/implementationguide-page"><valueUri value="StructureDefinition-no-basis-Patient.html"/></extension><reference><reference value="StructureDefinition/no-basis-Patient"/></reference><name value="no-basis-Patient"/><description value="Basisprofil for Norwegian Patient information. Defined by The Norwegian Directorate of eHealth and HL7 Norway. Should be used as a basis for further profiling in use-cases where specific identity information is needed. The basis profile is open, but derived profiles should close down the information elements according to specification relevant to the use-case."/><exampleBoolean value="false"/><groupingId value="-str-profile"/></resource><resource><extension url="http://hl7.org/fhir/StructureDefinition/implementationguide-page"><valueUri value="StructureDefinition-no-basis-Person.html"/></extension><reference><reference value="StructureDefinition/no-basis-Person"/></reference><name value="no-basis-Person"/><description value="Basisprofil for Norwegian Person information. Defined by The Norwegian Directorate of eHealth and HL7 Norway. Should be used as a basis for further profiling in use-cases where specific identity information is needed. The basis profile is open, but derived profiles should close down the information elements according to specification relevant to the use-case.&#xA;&#xA;The no-basis-Person resource main use-case is with regards to information describing persons that are living in Norway. The information is typically available from the Norwegian &quot;folkeregister&quot; and contains information describing all Norweigan citizens and individuals working and living in Norway."/><exampleBoolean value="false"/><groupingId value="-str-profile"/></resource><resource><extension url="http://hl7.org/fhir/StructureDefinition/implementationguide-page"><valueUri value="StructureDefinition-no-basis-address-official.html"/></extension><reference><reference value="StructureDefinition/no-basis-address-official"/></reference><name value="no-basis-address-official"/><description value="Defines the concept of an officialy registered address in Norway. Usually this will be the adress registered in &quot;Folkeregisteret&quot; for persons or &quot;Enhetsregisteret&quot; for organizations."/><exampleBoolean value="false"/><groupingId value="-str-extension"/></resource><resource><extension url="http://hl7.org/fhir/StructureDefinition/implementationguide-page"><valueUri value="StructureDefinition-no-basis-middlename.html"/></extension><reference><reference value="StructureDefinition/no-basis-middlename"/></reference><name value="no-basis-middlename"/><description value="The basis extension defines the Norwegian middlename wich is called &quot;mellomnavn&quot; and defined by Norwegian legislation (Lov om personnavn)."/><exampleBoolean value="false"/><groupingId value="-str-extension"/></resource><resource><extension url="http://hl7.org/fhir/StructureDefinition/implementationguide-page"><valueUri value="StructureDefinition-no-basis-municipalitycode.html"/></extension><reference><reference value="StructureDefinition/no-basis-municipalitycode"/></reference><name value="no-basis-municipalitycode"/><description value="Coded value for municipality/county Norwegian kommune"/><exampleBoolean value="false"/><groupingId value="-str-extension"/></resource><resource><extension url="http://hl7.org/fhir/StructureDefinition/implementationguide-page"><valueUri value="StructureDefinition-no-basis-person-citizenship.html"/></extension><reference><reference value="StructureDefinition/no-basis-person-citizenship"/></reference><name value="no-basis-person-citizenship"/><description value="The Person&#39;s legal status as citizen of a country."/><exampleBoolean value="false"/><groupingId value="-str-extension"/></resource><resource><extension url="http://hl7.org/fhir/StructureDefinition/implementationguide-page"><valueUri value="StructureDefinition-no-basis-prescriptiongroup.html"/></extension><reference><reference value="StructureDefinition/no-basis-prescriptiongroup"/></reference><name value="no-basis-prescriptiongroup"/><description value="Part of norwegian standard for describing a prescription."/><exampleBoolean value="false"/><groupingId value="-str-extension"/></resource><resource><extension url="http://hl7.org/fhir/StructureDefinition/implementationguide-page"><valueUri value="StructureDefinition-no-basis-propertyinformation.html"/></extension><reference><reference value="StructureDefinition/no-basis-propertyinformation"/></reference><name value="no-basis-propertyinformation"/><description value="This basis extension describes information identifying norwegian real property."/><exampleBoolean value="false"/><groupingId value="-str-extension"/></resource><resource><extension url="http://hl7.org/fhir/StructureDefinition/implementationguide-page"><valueUri value="StructureDefinition-no-basis-relatedperson-person-reference.html"/></extension><reference><reference value="StructureDefinition/no-basis-relatedperson-person-reference"/></reference><name value="NoBasisRelatedpersonPersonReference"/><description value="If a person reference is needed in RelatedPerson.patient element, this optional extension should be used."/><exampleBoolean value="false"/><groupingId value="-str-extension"/></resource><resource><extension url="http://hl7.org/fhir/StructureDefinition/implementationguide-page"><valueUri value="StructureDefinition-no-basis-sourceofinformation.html"/></extension><reference><reference value="StructureDefinition/no-basis-sourceofinformation"/></reference><name value="no-basis-sourceofinformation"/><description value="Part of norwegian KI standard."/><exampleBoolean value="false"/><groupingId value="-str-extension"/></resource><resource><extension url="http://hl7.org/fhir/StructureDefinition/implementationguide-page"><valueUri value="StructureDefinition-no-basis-urban-district.html"/></extension><reference><reference value="StructureDefinition/no-basis-urban-district"/></reference><name value="no-basis-urban-district"/><description value="Simple extension containing information about what part of a norwegian city the patient is a resident. Administrative purpose."/><exampleBoolean value="false"/><groupingId value="-str-extension"/></resource><resource><extension url="http://hl7.org/fhir/StructureDefinition/implementationguide-page"><valueUri value="ValueSet-no-basis-connection-type.valueset.html"/></extension><reference><reference value="ValueSet/no-basis-connection-type.valueset"/></reference><name value="no-basis-connection-type.valueset"/><description value="ValueSet for connection types used in Endpoint definition. Includes all Norwegian specific types (no-basis-connection-type) and the extensible HL7 CodeSystem for connection-type"/><exampleBoolean value="false"/><groupingId value="-term-valueset"/></resource><resource><extension url="http://hl7.org/fhir/StructureDefinition/implementationguide-page"><valueUri value="ValueSet-no-basis-documentreference-type.valueset.html"/></extension><reference><reference value="ValueSet/no-basis-documentreference-type.valueset"/></reference><name value="no-basis-documentreference-type.valueset"/><exampleBoolean value="false"/><groupingId value="-term-valueset"/></resource><resource><extension url="http://hl7.org/fhir/StructureDefinition/implementationguide-page"><valueUri value="ValueSet-no-basis-family-relation.valueset.html"/></extension><reference><reference value="ValueSet/no-basis-family-relation.valueset"/></reference><name value="no-basis-family-relation.valueset"/><description value="Copy of Codes from Familierelasjon defined by Skatteetaten"/><exampleBoolean value="false"/><groupingId value="-term-valueset"/></resource><resource><extension url="http://hl7.org/fhir/StructureDefinition/implementationguide-page"><valueUri value="ValueSet-no-basis-marital-status.valueset.html"/></extension><reference><reference value="ValueSet/no-basis-marital-status.valueset"/></reference><name value="no-basis-marital-status.valueset"/><description value="Copy of Codes from Sivilstandstype defined by Skatteetaten"/><exampleBoolean value="false"/><groupingId value="-term-valueset"/></resource><resource><extension url="http://hl7.org/fhir/StructureDefinition/implementationguide-page"><valueUri value="ValueSet-no-basis-parental-responsibility.valueset.html"/></extension><reference><reference value="ValueSet/no-basis-parental-responsibility.valueset"/></reference><name value="no-basis-parental-responsibility.valueset"/><description value="Copy of Codes from Foreldreansvar defined by Skatteetaten"/><exampleBoolean value="false"/><groupingId value="-term-valueset"/></resource><resource><extension url="http://hl7.org/fhir/StructureDefinition/implementationguide-page"><valueUri value="ValueSet-no-basis-service-type.valueset.html"/></extension><reference><reference value="ValueSet/no-basis-service-type.valueset"/></reference><name value="no-basis-service-type.valueset"/><description value="ValueSet including all codes for service type (tjenestetype) allowed in the Adressergister"/><exampleBoolean value="false"/><groupingId value="-term-valueset"/></resource><resource><extension url="http://hl7.org/fhir/StructureDefinition/implementationguide-page"><valueUri value="CodeSystem-no-basis-connection-type.codesystem.html"/></extension><reference><reference value="CodeSystem/no-basis-connection-type.codesystem"/></reference><name value="no-basis-connection-type.codesystem"/><description value="Codes to describe Norwegian message based communication protocols."/><exampleBoolean value="false"/><groupingId value="-term-codesystem"/></resource><resource><extension url="http://hl7.org/fhir/StructureDefinition/implementationguide-page"><valueUri value="CodeSystem-no-basis-family-relation.codesystem.html"/></extension><reference><reference value="CodeSystem/no-basis-family-relation.codesystem"/></reference><name value="no-basis-family-relation.codesystem"/><exampleBoolean value="false"/><groupingId value="-term-codesystem"/></resource><resource><extension url="http://hl7.org/fhir/StructureDefinition/implementationguide-page"><valueUri value="CodeSystem-no-basis-marital-status.codesystem.html"/></extension><reference><reference value="CodeSystem/no-basis-marital-status.codesystem"/></reference><name value="no-basis-marital-status.codesystem"/><exampleBoolean value="false"/><groupingId value="-term-codesystem"/></resource><resource><extension url="http://hl7.org/fhir/StructureDefinition/implementationguide-page"><valueUri value="CodeSystem-no-basis-parental-responsibility.codesystem.html"/></extension><reference><reference value="CodeSystem/no-basis-parental-responsibility.codesystem"/></reference><name value="no-basis-parental-responsibility.codesystem"/><exampleBoolean value="false"/><groupingId value="-term-codesystem"/></resource><resource><extension url="http://hl7.org/fhir/StructureDefinition/implementationguide-page"><valueUri value="Patient-GOFSH-GENERATED-ID-2.html"/></extension><reference><reference value="Patient/GOFSH-GENERATED-ID-2"/></reference><name value="GOFSH-GENERATED-ID-2"/><exampleCanonical value="http://hl7.no/fhir/no-basis/StructureDefinition/no-basis-Patient"/><groupingId value="-ex-example"/></resource><resource><extension url="http://hl7.org/fhir/StructureDefinition/implementationguide-page"><valueUri value="Patient-GOFSH-GENERATED-ID-3.html"/></extension><reference><reference value="Patient/GOFSH-GENERATED-ID-3"/></reference><name value="GOFSH-GENERATED-ID-3"/><exampleCanonical value="http://hl7.no/fhir/no-basis/StructureDefinition/no-basis-Patient"/><groupingId value="-ex-example"/></resource><resource><extension url="http://hl7.org/fhir/StructureDefinition/implementationguide-page"><valueUri value="NamingSystem-no-basis-bydelsnummer.html"/></extension><reference><reference value="NamingSystem/no-basis-bydelsnummer"/></reference><name value="no-basis-bydelsnummer"/><description value="Nummerering av kommuner i henhold til SSB sin offisielle liste. Inneholder fremtidige, gyldige og utgåtte kommunenummer."/><exampleBoolean value="false"/><groupingId value="-term-namingsystem"/></resource><resource><extension url="http://hl7.org/fhir/StructureDefinition/implementationguide-page"><valueUri value="NamingSystem-no-basis-dnummer.html"/></extension><reference><reference value="NamingSystem/no-basis-dnummer"/></reference><name value="no-basis-dnummer"/><description value="Personidentifikator for personer som ikke har fødselsnummer og som ikke skal registreres som bosatt i Norge. The D-nummer of the patient. (assigned by the norwegian Skatteetaten)"/><exampleBoolean value="false"/><groupingId value="-term-namingsystem"/></resource><resource><extension url="http://hl7.org/fhir/StructureDefinition/implementationguide-page"><valueUri value="NamingSystem-no-basis-dufnummer.html"/></extension><reference><reference value="NamingSystem/no-basis-dufnummer"/></reference><name value="no-basis-dufnummer"/><description value="Et DUF-nummer er et tolvsifret nummer som blir gitt til alle som søker om opphold i Norge."/><exampleBoolean value="false"/><groupingId value="-term-namingsystem"/></resource><resource><extension url="http://hl7.org/fhir/StructureDefinition/implementationguide-page"><valueUri value="NamingSystem-no-basis-felleshjelpenummer.html"/></extension><reference><reference value="NamingSystem/no-basis-felleshjelpenummer"/></reference><name value="no-basis-felleshjelpenummer"/><description value="Felles hjelpenummer is one possible patient identification number administered by Norsk Helsenett. The norwegian felles hjelpenummer is a 11-digit number containing two control digits. The number shoud only be used when the Fødselsnummer and D-number is unknown."/><exampleBoolean value="false"/><groupingId value="-term-namingsystem"/></resource><resource><extension url="http://hl7.org/fhir/StructureDefinition/implementationguide-page"><valueUri value="NamingSystem-no-basis-foedselsnummer.html"/></extension><reference><reference value="NamingSystem/no-basis-foedselsnummer"/></reference><name value="no-basis-foedselsnummer"/><description value="Fødselsnummer is the official identification of a Norwegian citizen and is registered in the repository called folkeregisteret. Fødselsnummer is a 11-digit number containing 2 control digits."/><exampleBoolean value="false"/><groupingId value="-term-namingsystem"/></resource><resource><extension url="http://hl7.org/fhir/StructureDefinition/implementationguide-page"><valueUri value="NamingSystem-no-basis-helsepersonellnummer.html"/></extension><reference><reference value="NamingSystem/no-basis-helsepersonellnummer"/></reference><name value="no-basis-helsepersonellnummer"/><description value="In Norway all registered health care personnel is registered in the Helsepersonellregister (HPR) and is assigned a HPR-number that is used to identify the health care practitioner. Health care personnel not registered in HPR can use FNR for identification."/><exampleBoolean value="false"/><groupingId value="-term-namingsystem"/></resource><resource><extension url="http://hl7.org/fhir/StructureDefinition/implementationguide-page"><valueUri value="NamingSystem-no-basis-kommunenummer.html"/></extension><reference><reference value="NamingSystem/no-basis-kommunenummer"/></reference><name value="no-basis-kommunenummer"/><description value="Nummerering av kommuner i henhold til SSB sin offisielle liste. Inneholder fremtidige, gyldige og utgåtte kommunenummer."/><exampleBoolean value="false"/><groupingId value="-term-namingsystem"/></resource><resource><extension url="http://hl7.org/fhir/StructureDefinition/implementationguide-page"><valueUri value="SearchParameter-no-basis-middlename.html"/></extension><reference><reference value="SearchParameter/no-basis-middlename"/></reference><name value="no-basis-middlename"/><description value="SearchParameter for the Norwegian middlename extension http://hl7.no/fhir/StructureDefinition/no-basis-middlename"/><exampleBoolean value="false"/><groupingId value="-dyn-searchparameter"/></resource><page><nameUrl value="toc.html"/><title value="Table of Contents"/><generation value="html"/><page><nameUrl value="index.html"/><title value="Home"/><generation value="markdown"/></page><page><nameUrl value="artifacts.html"/><title value="Artifacts Summary"/><generation value="html"/><page><nameUrl value="SearchParameter-no-basis-middlename.html"/><title value="no-basis-middlename"/><generation value="generated"/></page><page><nameUrl value="StructureDefinition-no-basis-Patient.html"/><title value="no-basis-Patient"/><generation value="generated"/></page><page><nameUrl value="StructureDefinition-no-basis-Person.html"/><title value="no-basis-Person"/><generation value="generated"/></page><page><nameUrl value="StructureDefinition-no-basis-Address.html"/><title value="no-basis-Address"/><generation value="generated"/></page><page><nameUrl value="StructureDefinition-no-basis-HumanName.html"/><title value="no-basis-HumanName"/><generation value="generated"/></page><page><nameUrl value="StructureDefinition-no-basis-address-official.html"/><title value="no-basis-address-official"/><generation value="generated"/></page><page><nameUrl value="StructureDefinition-no-basis-middlename.html"/><title value="no-basis-middlename"/><generation value="generated"/></page><page><nameUrl value="StructureDefinition-no-basis-municipalitycode.html"/><title value="no-basis-municipalitycode"/><generation value="generated"/></page><page><nameUrl value="StructureDefinition-no-basis-person-citizenship.html"/><title value="no-basis-person-citizenship"/><generation value="generated"/></page><page><nameUrl value="StructureDefinition-no-basis-prescriptiongroup.html"/><title value="no-basis-prescriptiongroup"/><generation value="generated"/></page><page><nameUrl value="StructureDefinition-no-basis-propertyinformation.html"/><title value="no-basis-propertyinformation"/><generation value="generated"/></page><page><nameUrl value="StructureDefinition-no-basis-relatedperson-person-reference.html"/><title value="NoBasisRelatedpersonPersonReference"/><generation value="generated"/></page><page><nameUrl value="StructureDefinition-no-basis-sourceofinformation.html"/><title value="no-basis-sourceofinformation"/><generation value="generated"/></page><page><nameUrl value="StructureDefinition-no-basis-urban-district.html"/><title value="no-basis-urban-district"/><generation value="generated"/></page><page><nameUrl value="ValueSet-no-basis-connection-type.valueset.html"/><title value="no-basis-connection-type.valueset"/><generation value="generated"/></page><page><nameUrl value="ValueSet-no-basis-documentreference-type.valueset.html"/><title value="no-basis-documentreference-type.valueset"/><generation value="generated"/></page><page><nameUrl value="ValueSet-no-basis-family-relation.valueset.html"/><title value="no-basis-family-relation.valueset"/><generation value="generated"/></page><page><nameUrl value="ValueSet-no-basis-marital-status.valueset.html"/><title value="no-basis-marital-status.valueset"/><generation value="generated"/></page><page><nameUrl value="ValueSet-no-basis-parental-responsibility.valueset.html"/><title value="no-basis-parental-responsibility.valueset"/><generation value="generated"/></page><page><nameUrl value="ValueSet-no-basis-service-type.valueset.html"/><title value="no-basis-service-type.valueset"/><generation value="generated"/></page><page><nameUrl value="CodeSystem-no-basis-connection-type.codesystem.html"/><title value="no-basis-connection-type.codesystem"/><generation value="generated"/></page><page><nameUrl value="CodeSystem-no-basis-family-relation.codesystem.html"/><title value="no-basis-family-relation.codesystem"/><generation value="generated"/></page><page><nameUrl value="CodeSystem-no-basis-marital-status.codesystem.html"/><title value="no-basis-marital-status.codesystem"/><generation value="generated"/></page><page><nameUrl value="CodeSystem-no-basis-parental-responsibility.codesystem.html"/><title value="no-basis-parental-responsibility.codesystem"/><generation value="generated"/></page><page><nameUrl value="NamingSystem-no-basis-bydelsnummer.html"/><title value="no-basis-bydelsnummer"/><generation value="generated"/></page><page><nameUrl value="NamingSystem-no-basis-dnummer.html"/><title value="no-basis-dnummer"/><generation value="generated"/></page><page><nameUrl value="NamingSystem-no-basis-dufnummer.html"/><title value="no-basis-dufnummer"/><generation value="generated"/></page><page><nameUrl value="NamingSystem-no-basis-felleshjelpenummer.html"/><title value="no-basis-felleshjelpenummer"/><generation value="generated"/></page><page><nameUrl value="NamingSystem-no-basis-foedselsnummer.html"/><title value="no-basis-foedselsnummer"/><generation value="generated"/></page><page><nameUrl value="NamingSystem-no-basis-helsepersonellnummer.html"/><title value="no-basis-helsepersonellnummer"/><generation value="generated"/></page><page><nameUrl value="NamingSystem-no-basis-kommunenummer.html"/><title value="no-basis-kommunenummer"/><generation value="generated"/></page><page><nameUrl value="Patient-GOFSH-GENERATED-ID-2.html"/><title value="GOFSH-GENERATED-ID-2"/><generation value="generated"/></page><page><nameUrl value="Patient-GOFSH-GENERATED-ID-3.html"/><title value="GOFSH-GENERATED-ID-3"/><generation value="generated"/></page></page></page><parameter><code value="path-resource"/><value value="input/capabilities"/></parameter><parameter><code value="path-resource"/><value value="input/examples"/></parameter><parameter><code value="path-resource"/><value value="input/extensions"/></parameter><parameter><code value="path-resource"/><value value="input/models"/></parameter><parameter><code value="path-resource"/><value value="input/operations"/></parameter><parameter><code value="path-resource"/><value value="input/profiles"/></parameter><parameter><code value="path-resource"/><value value="input/resources"/></parameter><parameter><code value="path-resource"/><value value="input/vocabulary"/></parameter><parameter><code value="path-resource"/><value value="input/maps"/></parameter><parameter><code value="path-resource"/><value value="input/testing"/></parameter><parameter><code value="path-resource"/><value value="input/history"/></parameter><parameter><code value="path-resource"/><value value="fsh-generated/resources"/></parameter><parameter><code value="path-pages"/><value value="template/config"/></parameter><parameter><code value="path-pages"/><value value="input/images"/></parameter><parameter><code value="path-tx-cache"/><value value="input-cache/txcache"/></parameter></definition></ImplementationGuide>