<?xml version="1.0" encoding="UTF-8"?><SearchParameter xmlns="http://hl7.org/fhir"><id value="no-basis-middlename"/><url value="http://hl7.no/fhir/SearchParameter/no-basis-middlename"/><version value="2.0.17-alpha"/><name value="NoBasisMiddlename"/><status value="active"/><date value="2021-10-03T20:25:33+00:00"/><description value="SearchParameter for the Norwegian middlename extension http://hl7.no/fhir/StructureDefinition/no-basis-middlename"/><jurisdiction><coding><system value="urn:iso:std:iso:3166"/><code value="NO"/><display value="Norway"/></coding></jurisdiction><code value="middlename"/><base value="Patient"/><base value="Practitioner"/><base value="Person"/><type value="string"/><expression value="Patient.name.extension.where(url=&#39;http://hl7.no/fhir/StructureDefinition/no-basis-middlename&#39;).value | Practitioner.name.extension.where(url=&#39;http://hl7.no/fhir/StructureDefinition/no-basis-middlename&#39;).value | Person.name.extension.where(url=&#39;http://hl7.no/fhir/StructureDefinition/no-basis-middlename&#39;).value"/><xpath value="f:Patient/f:name/f:extension[@url=&#39;http://hl7.no/fhir/StructureDefinition/no-basis-middlename&#39;] | f:Practitioner/f:name/f:extension[@url=&#39;http://hl7.no/fhir/StructureDefinition/no-basis-middlename&#39;] | f:Person/f:name/f:extension[@url=&#39;http://hl7.no/fhir/StructureDefinition/no-basis-middlename&#39;]"/><xpathUsage value="normal"/><multipleOr value="true"/><multipleAnd value="true"/><modifier value="missing"/><modifier value="exact"/><modifier value="contains"/></SearchParameter>