<?xml version="1.0" encoding="UTF-8"?><StructureDefinition xmlns="http://hl7.org/fhir"><id value="no-basis-Endpoint"/><text><status value="extensions"/><div xmlns="http://www.w3.org/1999/xhtml"><table border="0" cellpadding="0" cellspacing="0" style="border: 0px #F0F0F0 solid; font-size: 11px; font-family: verdana; vertical-align: top;"><tr style="border: 1px #F0F0F0 solid; font-size: 11px; font-family: verdana; vertical-align: top"><th style="vertical-align: top; text-align : left; background-color: white; border: 0px #F0F0F0 solid; padding:0px 4px 0px 4px" class="hierarchy"><a href="http://hl7.org/fhir/R4/formats.html#table" title="The logical name of the element">Name</a></th><th style="vertical-align: top; text-align : left; background-color: white; border: 0px #F0F0F0 solid; padding:0px 4px 0px 4px" class="hierarchy"><a href="http://hl7.org/fhir/R4/formats.html#table" title="Information about the use of the element">Flags</a></th><th style="vertical-align: top; text-align : left; background-color: white; border: 0px #F0F0F0 solid; padding:0px 4px 0px 4px" class="hierarchy"><a href="http://hl7.org/fhir/R4/formats.html#table" title="Minimum and Maximum # of times the the element can appear in the instance">Card.</a></th><th style="width: 100px" class="hierarchy"><a href="http://hl7.org/fhir/R4/formats.html#table" title="Reference to the type of the element">Type</a></th><th style="vertical-align: top; text-align : left; background-color: white; border: 0px #F0F0F0 solid; padding:0px 4px 0px 4px" class="hierarchy"><a href="http://hl7.org/fhir/R4/formats.html#table" title="Additional information about the element">Description &amp; Constraints</a><span style="float: right"><a href="http://hl7.org/fhir/R4/formats.html#table" title="Legend for this format"><img src="http://hl7.org/fhir/R4/help16.png" alt="doco" style="background-color: inherit"/></a></span></th></tr><tr style="border: 0px #F0F0F0 solid; padding:0px; vertical-align: top; background-color: white"><td style="vertical-align: top; text-align : left; background-color: white; border: 0px #F0F0F0 solid; padding:0px 4px 0px 4px; white-space: nowrap; background-image: url(tbl_bck1.png)" class="hierarchy"><img src="tbl_spacer.png" alt="." style="background-color: inherit" class="hierarchy"/><img src="icon_resource.png" alt="." style="background-color: white; background-color: inherit" title="Resource" class="hierarchy"/> <a href="StructureDefinition-no-basis-Endpoint-definitions.html#Endpoint" title="The no-basis profile of the Endpoint resource makes it possible to use the resource for the norwegian service based adressing (tjenestebasert adressering) and other adressing schemes.&#xD;&#xA;&#xD;&#xA;The technical details of an endpoint that can be used for electronic services, such as for web services providing XDS.b or a REST endpoint for another FHIR server. This may include any security context information.">Endpoint</a><a name="Endpoint"> </a></td><td style="vertical-align: top; text-align : left; background-color: white; border: 0px #F0F0F0 solid; padding:0px 4px 0px 4px" class="hierarchy"/><td style="vertical-align: top; text-align : left; background-color: white; border: 0px #F0F0F0 solid; padding:0px 4px 0px 4px" class="hierarchy"><span style="opacity: 0.5">0</span><span style="opacity: 0.5">..</span><span style="opacity: 0.5">*</span></td><td style="vertical-align: top; text-align : left; background-color: white; border: 0px #F0F0F0 solid; padding:0px 4px 0px 4px" class="hierarchy"><a href="http://hl7.org/fhir/R4/endpoint.html">Endpoint</a></td><td style="vertical-align: top; text-align : left; background-color: white; border: 0px #F0F0F0 solid; padding:0px 4px 0px 4px" class="hierarchy"><span style="opacity: 0.5">The technical details of an endpoint that can be used for electronic services</span></td></tr>
<tr style="border: 0px #F0F0F0 solid; padding:0px; vertical-align: top; background-color: #F7F7F7"><td style="vertical-align: top; text-align : left; background-color: #F7F7F7; border: 0px #F0F0F0 solid; padding:0px 4px 0px 4px; white-space: nowrap; background-image: url(tbl_bck10.png)" class="hierarchy"><img src="tbl_spacer.png" alt="." style="background-color: inherit" class="hierarchy"/><img src="tbl_vjoin.png" alt="." style="background-color: inherit" class="hierarchy"/><img src="icon_element.gif" alt="." style="background-color: #F7F7F7; background-color: inherit" title="Element" class="hierarchy"/> <a href="StructureDefinition-no-basis-Endpoint-definitions.html#Endpoint.identifier">identifier</a><a name="Endpoint.identifier"> </a></td><td style="vertical-align: top; text-align : left; background-color: #F7F7F7; border: 0px #F0F0F0 solid; padding:0px 4px 0px 4px" class="hierarchy"/><td style="vertical-align: top; text-align : left; background-color: #F7F7F7; border: 0px #F0F0F0 solid; padding:0px 4px 0px 4px" class="hierarchy"><span style="opacity: 0.5">0</span><span style="opacity: 0.5">..</span><span style="opacity: 0.5">*</span></td><td style="vertical-align: top; text-align : left; background-color: #F7F7F7; border: 0px #F0F0F0 solid; padding:0px 4px 0px 4px" class="hierarchy"><a style="opacity: 0.5" href="http://hl7.org/fhir/R4/datatypes.html#Identifier">Identifier</a></td><td style="vertical-align: top; text-align : left; background-color: #F7F7F7; border: 0px #F0F0F0 solid; padding:0px 4px 0px 4px" class="hierarchy"><span style="opacity: 0.5">Identifies this endpoint across multiple systems</span></td></tr>
<tr style="border: 0px #F0F0F0 solid; padding:0px; vertical-align: top; background-color: white"><td style="vertical-align: top; text-align : left; background-color: white; border: 0px #F0F0F0 solid; padding:0px 4px 0px 4px; white-space: nowrap; background-image: url(tbl_bck10.png)" class="hierarchy"><img src="tbl_spacer.png" alt="." style="background-color: inherit" class="hierarchy"/><img src="tbl_vjoin.png" alt="." style="background-color: inherit" class="hierarchy"/><img src="icon_element.gif" alt="." style="background-color: white; background-color: inherit" title="Element" class="hierarchy"/> <a href="StructureDefinition-no-basis-Endpoint-definitions.html#Endpoint.connectionType" title="no-basis:  the connection type should be coded according to http://hl7.org/fhir/ValueSet/endpoint-connection-type. However specific connection types used in Norway can be coded according to http://hl7.no/fhir/ValueSet/no-basis-endpoint-connection-type (amqp, ebxml etc.)&#xD;&#xA;&#xD;&#xA;A coded value that represents the technical details of the usage of this endpoint, such as what WSDLs should be used in what way. (e.g. XDS.b/DICOM/cds-hook).">connectionType</a><a name="Endpoint.connectionType"> </a></td><td style="vertical-align: top; text-align : left; background-color: white; border: 0px #F0F0F0 solid; padding:0px 4px 0px 4px" class="hierarchy"/><td style="vertical-align: top; text-align : left; background-color: white; border: 0px #F0F0F0 solid; padding:0px 4px 0px 4px" class="hierarchy"><span style="opacity: 0.5">1</span><span style="opacity: 0.5">..</span><span style="opacity: 0.5">1</span></td><td style="vertical-align: top; text-align : left; background-color: white; border: 0px #F0F0F0 solid; padding:0px 4px 0px 4px" class="hierarchy"><a style="opacity: 0.5" href="http://hl7.org/fhir/R4/datatypes.html#Coding">Coding</a></td><td style="vertical-align: top; text-align : left; background-color: white; border: 0px #F0F0F0 solid; padding:0px 4px 0px 4px" class="hierarchy"><span style="opacity: 0.5">Protocol/Profile/Standard to be used with this endpoint connection</span><br/><span style="font-weight:bold">Binding: </span><a href="ValueSet-no-basis-connection-type.valueset.html">no-basis-connection-type.valueset</a> (<a href="http://hl7.org/fhir/R4/terminologies.html#extensible" title="To be conformant, the concept in this element SHALL be from the specified value set if any of the codes within the value set can apply to the concept being communicated.  If the value set does not cover the concept (based on human review), alternate codings (or, data type allowing, text) may be included instead.">extensible</a>)</td></tr>
<tr style="border: 0px #F0F0F0 solid; padding:0px; vertical-align: top; background-color: #F7F7F7"><td style="vertical-align: top; text-align : left; background-color: #F7F7F7; border: 0px #F0F0F0 solid; padding:0px 4px 0px 4px; white-space: nowrap; background-image: url(tbl_bck10.png)" class="hierarchy"><img src="tbl_spacer.png" alt="." style="background-color: inherit" class="hierarchy"/><img src="tbl_vjoin.png" alt="." style="background-color: inherit" class="hierarchy"/><img src="icon_reference.png" alt="." style="background-color: #F7F7F7; background-color: inherit" title="Reference to another Resource" class="hierarchy"/> <a href="StructureDefinition-no-basis-Endpoint-definitions.html#Endpoint.managingOrganization" title="The organization that manages this endpoint (even if technically another organisation is hosting this in the cloud, it is the organisation associated with the data).&#xD;&#xA;&#xD;&#xA;no-basis: In Norway this relates to the organization with the responsibility for the data e.g. &quot;dataansvarlig&quot;.&#xD;&#xA;no-basis recommends the use of logical reference to an organization using ENH or RSH. To describe a top level organization. Departments within an organization could use a different reference scheme defined by the organization.">managingOrganization</a><a name="Endpoint.managingOrganization"> </a></td><td style="vertical-align: top; text-align : left; background-color: #F7F7F7; border: 0px #F0F0F0 solid; padding:0px 4px 0px 4px" class="hierarchy"/><td style="vertical-align: top; text-align : left; background-color: #F7F7F7; border: 0px #F0F0F0 solid; padding:0px 4px 0px 4px" class="hierarchy"><span style="opacity: 0.5">0</span><span style="opacity: 0.5">..</span><span style="opacity: 0.5">1</span></td><td style="vertical-align: top; text-align : left; background-color: #F7F7F7; border: 0px #F0F0F0 solid; padding:0px 4px 0px 4px" class="hierarchy"><a href="http://hl7.org/fhir/R4/references.html">Reference</a>(<a href="http://hl7.org/fhir/R4/organization.html">Organization</a> | <a href="StructureDefinition-no-basis-Organization.html">no-basis-Organization</a>)</td><td style="vertical-align: top; text-align : left; background-color: #F7F7F7; border: 0px #F0F0F0 solid; padding:0px 4px 0px 4px" class="hierarchy"><span style="opacity: 0.5">Organization that manages this endpoint (might not be the organization that exposes the endpoint)</span></td></tr>
<tr style="border: 0px #F0F0F0 solid; padding:0px; vertical-align: top; background-color: white"><td style="vertical-align: top; text-align : left; background-color: white; border: 0px #F0F0F0 solid; padding:0px 4px 0px 4px; white-space: nowrap; background-image: url(tbl_bck13.png)" class="hierarchy"><img src="tbl_spacer.png" alt="." style="background-color: inherit" class="hierarchy"/><img src="tbl_vjoin.png" alt="." style="background-color: inherit" class="hierarchy"/><img src="icon_slice.png" alt="." style="background-color: white; background-color: inherit" title="Slice Definition" class="hierarchy"/> <a style="font-style: italic" href="StructureDefinition-no-basis-Endpoint-definitions.html#Endpoint.payloadType" title="no-basis: for ebXML and AMQP messages in Norway one is expected to list all mesage types that the endpoint supports using the CodeSystem Meldingens funksjon (OID=8279) as a minimum. To describe complete version information to determine the type and version of the messages the endpoint supports, a CapabilityStatement can be used to describe the endpoints communication capabilities in detail.&#xD;&#xA;REST endpoints are expected to use the code &quot;any&quot; from https://www.hl7.org/fhir/codesystem-endpoint-payload-type.html. Proper FHIR Restful API&#39;s are expected to serve a CapabilityStatement from the base uri specified.&#xD;&#xA;Other payload types can be given using codes from the ValueSet http://hl7.org/fhir/ValueSet/endpoint-payload-type. &#xD;&#xA;&#xD;&#xA;The payload type describes the acceptable content that can be communicated on the endpoint.">Slices for payloadType</a><a name="Endpoint.payloadType"> </a></td><td style="vertical-align: top; text-align : left; background-color: white; border: 0px #F0F0F0 solid; padding:0px 4px 0px 4px" class="hierarchy"/><td style="vertical-align: top; text-align : left; background-color: white; border: 0px #F0F0F0 solid; padding:0px 4px 0px 4px" class="hierarchy"><span style="font-style: italic"/><span style="opacity: 0.5; font-style: italic">1</span><span style="opacity: 0.5; font-style: italic">..</span><span style="opacity: 0.5; font-style: italic">*</span></td><td style="vertical-align: top; text-align : left; background-color: white; border: 0px #F0F0F0 solid; padding:0px 4px 0px 4px" class="hierarchy"><a style="opacity: 0.5; font-style: italic" href="http://hl7.org/fhir/R4/datatypes.html#CodeableConcept">CodeableConcept</a></td><td style="vertical-align: top; text-align : left; background-color: white; border: 0px #F0F0F0 solid; padding:0px 4px 0px 4px" class="hierarchy"><span style="opacity: 0.5; font-style: italic">The type of content that may be used at this endpoint (e.g. XDS Discharge summaries)</span><br style="font-style: italic"/><span style="font-weight:bold; font-style: italic">Slice: </span><span style="font-style: italic">Unordered, Open by value:coding.system</span></td></tr>
<tr style="border: 0px #F0F0F0 solid; padding:0px; vertical-align: top; background-color: #F7F7F7"><td style="vertical-align: top; text-align : left; background-color: #F7F7F7; border: 0px #F0F0F0 solid; padding:0px 4px 0px 4px; white-space: nowrap; background-image: url(tbl_bck134.png)" class="hierarchy"><img src="tbl_spacer.png" alt="." style="background-color: inherit" class="hierarchy"/><img src="tbl_vline.png" alt="." style="background-color: inherit" class="hierarchy"/><img src="tbl_vjoin_slicer.png" alt="." style="background-color: inherit" class="hierarchy"/><img src="icon_slice_item.png" alt="." style="background-color: #F7F7F7; background-color: inherit" title="Slice Item" class="hierarchy"/> <a href="StructureDefinition-no-basis-Endpoint-definitions.html#Endpoint.payloadType:meldingensFunksjon" title="Slice meldingensFunksjon: no-basis: for ebXML and AMQP messages in Norway one is expected to list all mesage types that the endpoint supports using the CodeSystem Meldingens funksjon (OID=8279). Version information (version of the payload document) shold be given in the coding.version element.&#xD;&#xA;&#xD;&#xA;The payload type describes the acceptable content that can be communicated on the endpoint.">payloadType:meldingensFunksjon</a><a name="Endpoint.payloadType"> </a></td><td style="vertical-align: top; text-align : left; background-color: #F7F7F7; border: 0px #F0F0F0 solid; padding:0px 4px 0px 4px" class="hierarchy"/><td style="vertical-align: top; text-align : left; background-color: #F7F7F7; border: 0px #F0F0F0 solid; padding:0px 4px 0px 4px" class="hierarchy">0..*</td><td style="vertical-align: top; text-align : left; background-color: #F7F7F7; border: 0px #F0F0F0 solid; padding:0px 4px 0px 4px" class="hierarchy"><a style="opacity: 0.5" href="http://hl7.org/fhir/R4/datatypes.html#CodeableConcept">CodeableConcept</a></td><td style="vertical-align: top; text-align : left; background-color: #F7F7F7; border: 0px #F0F0F0 solid; padding:0px 4px 0px 4px" class="hierarchy"><span style="opacity: 0.5">The type of content that may be used at this endpoint (e.g. XDS Discharge summaries)</span><br/><span style="font-weight:bold">Binding: </span><a href="urn:oid:2.16.578.1.12.4.1.1.8279">urn:oid:2.16.578.1.12.4.1.1.8279</a> (<a href="http://hl7.org/fhir/R4/terminologies.html#required" title="To be conformant, the concept in this element SHALL be from the specified value set.">required</a>)<br/></td></tr>
<tr style="border: 0px #F0F0F0 solid; padding:0px; vertical-align: top; background-color: white"><td style="vertical-align: top; text-align : left; background-color: white; border: 0px #F0F0F0 solid; padding:0px 4px 0px 4px; white-space: nowrap; background-image: url(tbl_bck124.png)" class="hierarchy"><img src="tbl_spacer.png" alt="." style="background-color: inherit" class="hierarchy"/><img src="tbl_vline.png" alt="." style="background-color: inherit" class="hierarchy"/><img src="tbl_vjoin_end_slicer.png" alt="." style="background-color: inherit" class="hierarchy"/><img src="icon_slice_item.png" alt="." style="background-color: white; background-color: inherit" title="Slice Item" class="hierarchy"/> <a href="StructureDefinition-no-basis-Endpoint-definitions.html#Endpoint.payloadType:formatCode" title="Slice formatCode: no-basis: Specific information about payload type and version. Information about the payload type and version for ebxml and amqp messages&#xD;&#xA;&#xD;&#xA;The payload type describes the acceptable content that can be communicated on the endpoint.">payloadType:formatCode</a><a name="Endpoint.payloadType"> </a></td><td style="vertical-align: top; text-align : left; background-color: white; border: 0px #F0F0F0 solid; padding:0px 4px 0px 4px" class="hierarchy"/><td style="vertical-align: top; text-align : left; background-color: white; border: 0px #F0F0F0 solid; padding:0px 4px 0px 4px" class="hierarchy">0..*</td><td style="vertical-align: top; text-align : left; background-color: white; border: 0px #F0F0F0 solid; padding:0px 4px 0px 4px" class="hierarchy"><a style="opacity: 0.5" href="http://hl7.org/fhir/R4/datatypes.html#CodeableConcept">CodeableConcept</a></td><td style="vertical-align: top; text-align : left; background-color: white; border: 0px #F0F0F0 solid; padding:0px 4px 0px 4px" class="hierarchy">Specific information about payload type and version<br/><span style="font-weight:bold">Binding: </span><a href="urn:oid:2.16.578.1.12.4.1.1.0000">urn:oid:2.16.578.1.12.4.1.1.0000</a> (<a href="http://hl7.org/fhir/R4/terminologies.html#required" title="To be conformant, the concept in this element SHALL be from the specified value set.">required</a>)<br/></td></tr>
<tr style="border: 0px #F0F0F0 solid; padding:0px; vertical-align: top; background-color: #F7F7F7"><td style="vertical-align: top; text-align : left; background-color: #F7F7F7; border: 0px #F0F0F0 solid; padding:0px 4px 0px 4px; white-space: nowrap; background-image: url(tbl_bck10.png)" class="hierarchy"><img src="tbl_spacer.png" alt="." style="background-color: inherit" class="hierarchy"/><img src="tbl_vjoin.png" alt="." style="background-color: inherit" class="hierarchy"/><img src="icon_element.gif" alt="." style="background-color: #F7F7F7; background-color: inherit" title="Element" class="hierarchy"/> <a href="StructureDefinition-no-basis-Endpoint-definitions.html#Endpoint.payloadMimeType" title="no-basis: should we list relevant codes for ebXML messages? List appropriate media types for FHIR REST endpoints?&#xD;&#xA;XML: application/fhir+xml&#xD;&#xA;JSON: application/fhir+json&#xD;&#xA;RDF: application/fhir+turtle&#xD;&#xA;ebXML messages: text/xml&#xD;&#xA;&#xD;&#xA;The mime type to send the payload in - e.g. application/fhir+xml, application/fhir+json. If the mime type is not specified, then the sender could send any content (including no content depending on the connectionType).">payloadMimeType</a><a name="Endpoint.payloadMimeType"> </a></td><td style="vertical-align: top; text-align : left; background-color: #F7F7F7; border: 0px #F0F0F0 solid; padding:0px 4px 0px 4px" class="hierarchy"/><td style="vertical-align: top; text-align : left; background-color: #F7F7F7; border: 0px #F0F0F0 solid; padding:0px 4px 0px 4px" class="hierarchy"><span style="opacity: 0.5">0</span><span style="opacity: 0.5">..</span><span style="opacity: 0.5">*</span></td><td style="vertical-align: top; text-align : left; background-color: #F7F7F7; border: 0px #F0F0F0 solid; padding:0px 4px 0px 4px" class="hierarchy"><a style="opacity: 0.5" href="http://hl7.org/fhir/R4/datatypes.html#code">code</a></td><td style="vertical-align: top; text-align : left; background-color: #F7F7F7; border: 0px #F0F0F0 solid; padding:0px 4px 0px 4px" class="hierarchy"><span style="opacity: 0.5">Mimetype to send. If not specified, the content could be anything (including no payload, if the connectionType defined this)</span><br/><span style="font-weight:bold">Binding: </span><a href="http://www.rfc-editor.org/bcp/bcp13.txt">http://www.rfc-editor.org/bcp/bcp13.txt</a> (<a href="http://hl7.org/fhir/R4/terminologies.html#required" title="To be conformant, the concept in this element SHALL be from the specified value set.">required</a>)</td></tr>
<tr style="border: 0px #F0F0F0 solid; padding:0px; vertical-align: top; background-color: white"><td style="vertical-align: top; text-align : left; background-color: white; border: 0px #F0F0F0 solid; padding:0px 4px 0px 4px; white-space: nowrap; background-image: url(tbl_bck00.png)" class="hierarchy"><img src="tbl_spacer.png" alt="." style="background-color: inherit" class="hierarchy"/><img src="tbl_vjoin_end.png" alt="." style="background-color: inherit" class="hierarchy"/><img src="icon_element.gif" alt="." style="background-color: white; background-color: inherit" title="Element" class="hierarchy"/> <a href="StructureDefinition-no-basis-Endpoint-definitions.html#Endpoint.address" title="The uri that describes the actual end-point to connect to.&#xD;&#xA;&#xD;&#xA;no-basis: for ebXML messages in Norway one is expected to use mailto: prefix for the endpoint. &#xD;&#xA;For AMQP messages in Norway one is expected to use &quot;ampq://&quot; or &quot;amqps://&quot; prefix.&#xD;&#xA;REST endpoints will have &quot;http://&quot; or &quot;https://&quot; prefix.">address</a><a name="Endpoint.address"> </a></td><td style="vertical-align: top; text-align : left; background-color: white; border: 0px #F0F0F0 solid; padding:0px 4px 0px 4px" class="hierarchy"/><td style="vertical-align: top; text-align : left; background-color: white; border: 0px #F0F0F0 solid; padding:0px 4px 0px 4px" class="hierarchy"><span style="opacity: 0.5">1</span><span style="opacity: 0.5">..</span><span style="opacity: 0.5">1</span></td><td style="vertical-align: top; text-align : left; background-color: white; border: 0px #F0F0F0 solid; padding:0px 4px 0px 4px" class="hierarchy"><a style="opacity: 0.5" href="http://hl7.org/fhir/R4/datatypes.html#url">url</a></td><td style="vertical-align: top; text-align : left; background-color: white; border: 0px #F0F0F0 solid; padding:0px 4px 0px 4px" class="hierarchy"><span style="opacity: 0.5">The technical base address for connecting to this endpoint</span><br/><span style="font-weight:bold">Example amqp endpoint: </span><span style="color: darkgreen">amqp_endpoint</span><br/><span style="font-weight:bold">Example ebxml endpoint: </span><span style="color: darkgreen">ebxml_endpoint</span><br/><span style="font-weight:bold">Example REST endpoint: </span><span style="color: darkgreen">REST_endpoint</span></td></tr>
<tr><td colspan="5" class="hierarchy"><br/><a href="http://hl7.org/fhir/R4/formats.html#table" title="Legend for this format"><img src="http://hl7.org/fhir/R4/help16.png" alt="doco" style="background-color: inherit"/> Documentation for this format</a></td></tr></table></div></text><extension url="http://hl7.org/fhir/StructureDefinition/structuredefinition-category"><valueString value="Base.Entities"/></extension><extension url="http://hl7.org/fhir/StructureDefinition/structuredefinition-security-category"><valueCode value="business"/></extension><url value="http://hl7.no/fhir/StructureDefinition/no-basis-Endpoint"/><version value="2.1.0"/><name value="NoBasisEndpoint"/><title value="no-basis-Endpoint"/><status value="active"/><date value="2019-05-15"/><description value="Basisprofil for Norwegian Endpoint information. Defined by The Norwegian Directorate of eHealth and HL7 Norway. The profile adds Norwegian specific identification of Endpoing. The basis profile is open, but derived profiles should close down the information elements according to specification relevant to the use-case.&#xA;&#xA;Resource profile for definition of electronic endpoints used by healthcare organizations to communicate using different protocols. The norwegian profile use-case is to represent endpoints for electronic communication. Fallback solutions using mail or fax has to be indexed in the norwegian master index for healthcare organizations and are not described using this profile."/><jurisdiction><coding><system value="urn:iso:std:iso:3166"/><code value="NO"/><display value="Norway"/></coding></jurisdiction><fhirVersion value="4.0.1"/><mapping><identity value="rim"/><uri value="http://hl7.org/v3"/><name value="RIM Mapping"/></mapping><mapping><identity value="w5"/><uri value="http://hl7.org/fhir/fivews"/><name value="FiveWs Pattern Mapping"/></mapping><kind value="resource"/><abstract value="false"/><type value="Endpoint"/><baseDefinition value="http://hl7.org/fhir/StructureDefinition/Endpoint"/><derivation value="constraint"/><snapshot><element id="Endpoint"><path value="Endpoint"/><short value="The technical details of an endpoint that can be used for electronic services"/><definition value="The no-basis profile of the Endpoint resource makes it possible to use the resource for the norwegian service based adressing (tjenestebasert adressering) and other adressing schemes.&#xD;&#xA;&#xD;&#xA;The technical details of an endpoint that can be used for electronic services, such as for web services providing XDS.b or a REST endpoint for another FHIR server. This may include any security context information."/><min value="0"/><max value="*"/><base><path value="Endpoint"/><min value="0"/><max value="*"/></base><constraint><key value="dom-2"/><severity value="error"/><human value="If the resource is contained in another resource, it SHALL NOT contain nested Resources"/><expression value="contained.contained.empty()"/><xpath value="not(parent::f:contained and f:contained)"/><source value="http://hl7.org/fhir/StructureDefinition/DomainResource"/></constraint><constraint><key value="dom-3"/><severity value="error"/><human value="If the resource is contained in another resource, it SHALL be referred to from elsewhere in the resource or SHALL refer to the containing resource"/><expression value="contained.where(((&#39;#&#39;+id in (%resource.descendants().reference | %resource.descendants().as(canonical) | %resource.descendants().as(uri) | %resource.descendants().as(url))) or descendants().where(reference = &#39;#&#39;).exists() or descendants().where(as(canonical) = &#39;#&#39;).exists() or descendants().where(as(canonical) = &#39;#&#39;).exists()).not()).trace(&#39;unmatched&#39;, id).empty()"/><xpath value="not(exists(for $id in f:contained/*/f:id/@value return $contained[not(parent::*/descendant::f:reference/@value=concat(&#39;#&#39;, $contained/*/id/@value) or descendant::f:reference[@value=&#39;#&#39;])]))"/><source value="http://hl7.org/fhir/StructureDefinition/DomainResource"/></constraint><constraint><key value="dom-4"/><severity value="error"/><human value="If a resource is contained in another resource, it SHALL NOT have a meta.versionId or a meta.lastUpdated"/><expression value="contained.meta.versionId.empty() and contained.meta.lastUpdated.empty()"/><xpath value="not(exists(f:contained/*/f:meta/f:versionId)) and not(exists(f:contained/*/f:meta/f:lastUpdated))"/><source value="http://hl7.org/fhir/StructureDefinition/DomainResource"/></constraint><constraint><key value="dom-5"/><severity value="error"/><human value="If a resource is contained in another resource, it SHALL NOT have a security label"/><expression value="contained.meta.security.empty()"/><xpath value="not(exists(f:contained/*/f:meta/f:security))"/><source value="http://hl7.org/fhir/StructureDefinition/DomainResource"/></constraint><constraint><extension url="http://hl7.org/fhir/StructureDefinition/elementdefinition-bestpractice"><valueBoolean value="true"/></extension><extension url="http://hl7.org/fhir/StructureDefinition/elementdefinition-bestpractice-explanation"><valueMarkdown value="When a resource has no narrative, only systems that fully understand the data can display the resource to a human safely. Including a human readable representation in the resource makes for a much more robust eco-system and cheaper handling of resources by intermediary systems. Some ecosystems restrict distribution of resources to only those systems that do fully understand the resources, and as a consequence implementers may believe that the narrative is superfluous. However experience shows that such eco-systems often open up to new participants over time."/></extension><key value="dom-6"/><severity value="warning"/><human value="A resource should have narrative for robust management"/><expression value="text.`div`.exists()"/><xpath value="exists(f:text/h:div)"/><source value="http://hl7.org/fhir/StructureDefinition/DomainResource"/></constraint><isModifier value="false"/><isSummary value="false"/><mapping><identity value="rim"/><map value="Entity. Role, or Act"/></mapping><mapping><identity value="rim"/><map value="n/a"/></mapping></element><element id="Endpoint.id"><path value="Endpoint.id"/><short value="Logical id of this artifact"/><definition value="The logical id of the resource, as used in the URL for the resource. Once assigned, this value never changes."/><comment value="The only time that a resource does not have an id is when it is being submitted to the server using a create operation."/><min value="0"/><max value="1"/><base><path value="Resource.id"/><min value="0"/><max value="1"/></base><type><extension url="http://hl7.org/fhir/StructureDefinition/structuredefinition-fhir-type"><valueUrl value="string"/></extension><code value="http://hl7.org/fhirpath/System.String"/></type><isModifier value="false"/><isSummary value="true"/></element><element id="Endpoint.meta"><path value="Endpoint.meta"/><short value="Metadata about the resource"/><definition value="The metadata about the resource. This is content that is maintained by the infrastructure. Changes to the content might not always be associated with version changes to the resource."/><min value="0"/><max value="1"/><base><path value="Resource.meta"/><min value="0"/><max value="1"/></base><type><code value="Meta"/></type><constraint><key value="ele-1"/><severity value="error"/><human value="All FHIR elements must have a @value or children"/><expression value="hasValue() or (children().count() &gt; id.count())"/><xpath value="@value|f:*|h:div"/><source value="http://hl7.org/fhir/StructureDefinition/Element"/></constraint><isModifier value="false"/><isSummary value="true"/></element><element id="Endpoint.implicitRules"><path value="Endpoint.implicitRules"/><short value="A set of rules under which this content was created"/><definition value="A reference to a set of rules that were followed when the resource was constructed, and which must be understood when processing the content. Often, this is a reference to an implementation guide that defines the special rules along with other profiles etc."/><comment value="Asserting this rule set restricts the content to be only understood by a limited set of trading partners. This inherently limits the usefulness of the data in the long term. However, the existing health eco-system is highly fractured, and not yet ready to define, collect, and exchange data in a generally computable sense. Wherever possible, implementers and/or specification writers should avoid using this element. Often, when used, the URL is a reference to an implementation guide that defines these special rules as part of it&#39;s narrative along with other profiles, value sets, etc."/><min value="0"/><max value="1"/><base><path value="Resource.implicitRules"/><min value="0"/><max value="1"/></base><type><code value="uri"/></type><constraint><key value="ele-1"/><severity value="error"/><human value="All FHIR elements must have a @value or children"/><expression value="hasValue() or (children().count() &gt; id.count())"/><xpath value="@value|f:*|h:div"/><source value="http://hl7.org/fhir/StructureDefinition/Element"/></constraint><isModifier value="true"/><isModifierReason value="This element is labeled as a modifier because the implicit rules may provide additional knowledge about the resource that modifies it&#39;s meaning or interpretation"/><isSummary value="true"/></element><element id="Endpoint.language"><path value="Endpoint.language"/><short value="Language of the resource content"/><definition value="The base language in which the resource is written."/><comment value="Language is provided to support indexing and accessibility (typically, services such as text to speech use the language tag). The html language tag in the narrative applies  to the narrative. The language tag on the resource may be used to specify the language of other presentations generated from the data in the resource. Not all the content has to be in the base language. The Resource.language should not be assumed to apply to the narrative automatically. If a language is specified, it should it also be specified on the div element in the html (see rules in HTML5 for information about the relationship between xml:lang and the html lang attribute)."/><min value="0"/><max value="1"/><base><path value="Resource.language"/><min value="0"/><max value="1"/></base><type><code value="code"/></type><constraint><key value="ele-1"/><severity value="error"/><human value="All FHIR elements must have a @value or children"/><expression value="hasValue() or (children().count() &gt; id.count())"/><xpath value="@value|f:*|h:div"/><source value="http://hl7.org/fhir/StructureDefinition/Element"/></constraint><isModifier value="false"/><isSummary value="false"/><binding><extension url="http://hl7.org/fhir/StructureDefinition/elementdefinition-maxValueSet"><valueCanonical value="http://hl7.org/fhir/ValueSet/all-languages"/></extension><extension url="http://hl7.org/fhir/StructureDefinition/elementdefinition-bindingName"><valueString value="Language"/></extension><extension url="http://hl7.org/fhir/StructureDefinition/elementdefinition-isCommonBinding"><valueBoolean value="true"/></extension><strength value="preferred"/><description value="A human language."/><valueSet value="http://hl7.org/fhir/ValueSet/languages"/></binding></element><element id="Endpoint.text"><path value="Endpoint.text"/><short value="Text summary of the resource, for human interpretation"/><definition value="A human-readable narrative that contains a summary of the resource and can be used to represent the content of the resource to a human. The narrative need not encode all the structured data, but is required to contain sufficient detail to make it &quot;clinically safe&quot; for a human to just read the narrative. Resource definitions may define what content should be represented in the narrative to ensure clinical safety."/><comment value="Contained resources do not have narrative. Resources that are not contained SHOULD have a narrative. In some cases, a resource may only have text with little or no additional discrete data (as long as all minOccurs=1 elements are satisfied).  This may be necessary for data from legacy systems where information is captured as a &quot;text blob&quot; or where text is additionally entered raw or narrated and encoded information is added later."/><alias value="narrative"/><alias value="html"/><alias value="xhtml"/><alias value="display"/><min value="0"/><max value="1"/><base><path value="DomainResource.text"/><min value="0"/><max value="1"/></base><type><code value="Narrative"/></type><constraint><key value="ele-1"/><severity value="error"/><human value="All FHIR elements must have a @value or children"/><expression value="hasValue() or (children().count() &gt; id.count())"/><xpath value="@value|f:*|h:div"/><source value="http://hl7.org/fhir/StructureDefinition/Element"/></constraint><isModifier value="false"/><isSummary value="false"/><mapping><identity value="rim"/><map value="Act.text?"/></mapping></element><element id="Endpoint.contained"><path value="Endpoint.contained"/><short value="Contained, inline Resources"/><definition value="These resources do not have an independent existence apart from the resource that contains them - they cannot be identified independently, and nor can they have their own independent transaction scope."/><comment value="This should never be done when the content can be identified properly, as once identification is lost, it is extremely difficult (and context dependent) to restore it again. Contained resources may have profiles and tags In their meta elements, but SHALL NOT have security labels."/><alias value="inline resources"/><alias value="anonymous resources"/><alias value="contained resources"/><min value="0"/><max value="*"/><base><path value="DomainResource.contained"/><min value="0"/><max value="*"/></base><type><code value="Resource"/></type><isModifier value="false"/><isSummary value="false"/><mapping><identity value="rim"/><map value="N/A"/></mapping></element><element id="Endpoint.extension"><path value="Endpoint.extension"/><short value="Additional content defined by implementations"/><definition value="May be used to represent additional information that is not part of the basic definition of the resource. To make the use of extensions safe and manageable, there is a strict set of governance  applied to the definition and use of extensions. Though any implementer can define an extension, there is a set of requirements that SHALL be met as part of the definition of the extension."/><comment value="There can be no stigma associated with the use of extensions by any application, project, or standard - regardless of the institution or jurisdiction that uses or defines the extensions.  The use of extensions is what allows the FHIR specification to retain a core level of simplicity for everyone."/><alias value="extensions"/><alias value="user content"/><min value="0"/><max value="*"/><base><path value="DomainResource.extension"/><min value="0"/><max value="*"/></base><type><code value="Extension"/></type><constraint><key value="ele-1"/><severity value="error"/><human value="All FHIR elements must have a @value or children"/><expression value="hasValue() or (children().count() &gt; id.count())"/><xpath value="@value|f:*|h:div"/><source value="http://hl7.org/fhir/StructureDefinition/Element"/></constraint><constraint><key value="ext-1"/><severity value="error"/><human value="Must have either extensions or value[x], not both"/><expression value="extension.exists() != value.exists()"/><xpath value="exists(f:extension)!=exists(f:*[starts-with(local-name(.), &quot;value&quot;)])"/><source value="http://hl7.org/fhir/StructureDefinition/Extension"/></constraint><isModifier value="false"/><isSummary value="false"/><mapping><identity value="rim"/><map value="N/A"/></mapping></element><element id="Endpoint.modifierExtension"><path value="Endpoint.modifierExtension"/><short value="Extensions that cannot be ignored"/><definition value="May be used to represent additional information that is not part of the basic definition of the resource and that modifies the understanding of the element that contains it and/or the understanding of the containing element&#39;s descendants. Usually modifier elements provide negation or qualification. To make the use of extensions safe and manageable, there is a strict set of governance applied to the definition and use of extensions. Though any implementer is allowed to define an extension, there is a set of requirements that SHALL be met as part of the definition of the extension. Applications processing a resource are required to check for modifier extensions.&#xA;&#xA;Modifier extensions SHALL NOT change the meaning of any elements on Resource or DomainResource (including cannot change the meaning of modifierExtension itself)."/><comment value="There can be no stigma associated with the use of extensions by any application, project, or standard - regardless of the institution or jurisdiction that uses or defines the extensions.  The use of extensions is what allows the FHIR specification to retain a core level of simplicity for everyone."/><requirements value="Modifier extensions allow for extensions that *cannot* be safely ignored to be clearly distinguished from the vast majority of extensions which can be safely ignored.  This promotes interoperability by eliminating the need for implementers to prohibit the presence of extensions. For further information, see the [definition of modifier extensions](http://hl7.org/fhir/R4/extensibility.html#modifierExtension)."/><alias value="extensions"/><alias value="user content"/><min value="0"/><max value="*"/><base><path value="DomainResource.modifierExtension"/><min value="0"/><max value="*"/></base><type><code value="Extension"/></type><constraint><key value="ele-1"/><severity value="error"/><human value="All FHIR elements must have a @value or children"/><expression value="hasValue() or (children().count() &gt; id.count())"/><xpath value="@value|f:*|h:div"/><source value="http://hl7.org/fhir/StructureDefinition/Element"/></constraint><constraint><key value="ext-1"/><severity value="error"/><human value="Must have either extensions or value[x], not both"/><expression value="extension.exists() != value.exists()"/><xpath value="exists(f:extension)!=exists(f:*[starts-with(local-name(.), &quot;value&quot;)])"/><source value="http://hl7.org/fhir/StructureDefinition/Extension"/></constraint><isModifier value="true"/><isModifierReason value="Modifier extensions are expected to modify the meaning or interpretation of the resource that contains them"/><isSummary value="false"/><mapping><identity value="rim"/><map value="N/A"/></mapping></element><element id="Endpoint.identifier"><path value="Endpoint.identifier"/><short value="Identifies this endpoint across multiple systems"/><definition value="Identifier for the organization that is used to identify the endpoint across multiple disparate systems."/><comment value="no-basis: Adresseregisteret do not provide a identifier for the Endpoints, so any identifier scheme is apropriate."/><min value="0"/><max value="*"/><base><path value="Endpoint.identifier"/><min value="0"/><max value="*"/></base><type><code value="Identifier"/></type><constraint><key value="ele-1"/><severity value="error"/><human value="All FHIR elements must have a @value or children"/><expression value="hasValue() or (children().count() &gt; id.count())"/><xpath value="@value|f:*|h:div"/><source value="http://hl7.org/fhir/StructureDefinition/Element"/></constraint><isModifier value="false"/><isSummary value="true"/><mapping><identity value="w5"/><map value="FiveWs.identifier"/></mapping><mapping><identity value="rim"/><map value="n/a"/></mapping></element><element id="Endpoint.status"><path value="Endpoint.status"/><short value="active | suspended | error | off | entered-in-error | test"/><definition value="active | suspended | error | off | test."/><comment value="This element is labeled as a modifier because the status contains codes that mark the endpoint as not currently valid."/><min value="1"/><max value="1"/><base><path value="Endpoint.status"/><min value="1"/><max value="1"/></base><type><code value="code"/></type><constraint><key value="ele-1"/><severity value="error"/><human value="All FHIR elements must have a @value or children"/><expression value="hasValue() or (children().count() &gt; id.count())"/><xpath value="@value|f:*|h:div"/><source value="http://hl7.org/fhir/StructureDefinition/Element"/></constraint><isModifier value="true"/><isModifierReason value="This element is labelled as a modifier because it is a status element that contains status entered-in-error which means that the resource should not be treated as valid"/><isSummary value="true"/><binding><extension url="http://hl7.org/fhir/StructureDefinition/elementdefinition-bindingName"><valueString value="EndpointStatus"/></extension><strength value="required"/><description value="The status of the endpoint."/><valueSet value="http://hl7.org/fhir/ValueSet/endpoint-status|4.0.1"/></binding><mapping><identity value="w5"/><map value="FiveWs.status"/></mapping><mapping><identity value="rim"/><map value="n/a"/></mapping></element><element id="Endpoint.connectionType"><path value="Endpoint.connectionType"/><short value="Protocol/Profile/Standard to be used with this endpoint connection"/><definition value="no-basis:  the connection type should be coded according to http://hl7.org/fhir/ValueSet/endpoint-connection-type. However specific connection types used in Norway can be coded according to http://hl7.no/fhir/ValueSet/no-basis-endpoint-connection-type (amqp, ebxml etc.)&#xD;&#xA;&#xD;&#xA;A coded value that represents the technical details of the usage of this endpoint, such as what WSDLs should be used in what way. (e.g. XDS.b/DICOM/cds-hook)."/><comment value="For additional connectivity details for the protocol, extensions will be used at this point, as in the XDS example."/><min value="1"/><max value="1"/><base><path value="Endpoint.connectionType"/><min value="1"/><max value="1"/></base><type><code value="Coding"/></type><constraint><key value="ele-1"/><severity value="error"/><human value="All FHIR elements must have a @value or children"/><expression value="hasValue() or (children().count() &gt; id.count())"/><xpath value="@value|f:*|h:div"/><source value="http://hl7.org/fhir/StructureDefinition/Element"/></constraint><isModifier value="false"/><isSummary value="true"/><binding><strength value="extensible"/><valueSet value="http://hl7.no/fhir/ValueSet/no-basis-connection-type"/></binding><mapping><identity value="w5"/><map value="FiveWs.class"/></mapping><mapping><identity value="rim"/><map value="n/a"/></mapping></element><element id="Endpoint.name"><path value="Endpoint.name"/><short value="A name that this endpoint can be identified by"/><definition value="A friendly name that this endpoint can be referred to with."/><min value="0"/><max value="1"/><base><path value="Endpoint.name"/><min value="0"/><max value="1"/></base><type><code value="string"/></type><constraint><key value="ele-1"/><severity value="error"/><human value="All FHIR elements must have a @value or children"/><expression value="hasValue() or (children().count() &gt; id.count())"/><xpath value="@value|f:*|h:div"/><source value="http://hl7.org/fhir/StructureDefinition/Element"/></constraint><isModifier value="false"/><isSummary value="true"/><mapping><identity value="w5"/><map value="FiveWs.what[x]"/></mapping><mapping><identity value="rim"/><map value="n/a"/></mapping></element><element id="Endpoint.managingOrganization"><path value="Endpoint.managingOrganization"/><short value="Organization that manages this endpoint (might not be the organization that exposes the endpoint)"/><definition value="The organization that manages this endpoint (even if technically another organisation is hosting this in the cloud, it is the organisation associated with the data).&#xD;&#xA;&#xD;&#xA;no-basis: In Norway this relates to the organization with the responsibility for the data e.g. &quot;dataansvarlig&quot;.&#xD;&#xA;no-basis recommends the use of logical reference to an organization using ENH or RSH. To describe a top level organization. Departments within an organization could use a different reference scheme defined by the organization."/><comment value="This property is not typically used when searching for Endpoint resources for usage. The typical usage is via the reference from an applicable Organization/Location/Practitioner resource, which is where the context is provided. Multiple Locations may reference a single endpoint, and don&#39;t have to be within the same organization resource, but most likely within the same organizational hierarchy."/><alias value="dataansvarlig"/><min value="0"/><max value="1"/><base><path value="Endpoint.managingOrganization"/><min value="0"/><max value="1"/></base><type><code value="Reference"/><targetProfile value="http://hl7.org/fhir/StructureDefinition/Organization"/><targetProfile value="http://hl7.no/fhir/StructureDefinition/no-basis-Organization"/></type><constraint><key value="ele-1"/><severity value="error"/><human value="All FHIR elements must have a @value or children"/><expression value="hasValue() or (children().count() &gt; id.count())"/><xpath value="@value|f:*|h:div"/><source value="http://hl7.org/fhir/StructureDefinition/Element"/></constraint><isModifier value="false"/><isSummary value="true"/><mapping><identity value="rim"/><map value="n/a"/></mapping></element><element id="Endpoint.contact"><path value="Endpoint.contact"/><short value="Contact details for source (e.g. troubleshooting)"/><definition value="Contact details for a human to contact about the subscription. The primary use of this for system administrator troubleshooting."/><min value="0"/><max value="*"/><base><path value="Endpoint.contact"/><min value="0"/><max value="*"/></base><type><code value="ContactPoint"/></type><constraint><key value="ele-1"/><severity value="error"/><human value="All FHIR elements must have a @value or children"/><expression value="hasValue() or (children().count() &gt; id.count())"/><xpath value="@value|f:*|h:div"/><source value="http://hl7.org/fhir/StructureDefinition/Element"/></constraint><isModifier value="false"/><isSummary value="false"/><mapping><identity value="rim"/><map value="n/a"/></mapping></element><element id="Endpoint.period"><path value="Endpoint.period"/><short value="Interval the endpoint is expected to be operational"/><definition value="The interval during which the endpoint is expected to be operational."/><min value="0"/><max value="1"/><base><path value="Endpoint.period"/><min value="0"/><max value="1"/></base><type><code value="Period"/></type><constraint><key value="ele-1"/><severity value="error"/><human value="All FHIR elements must have a @value or children"/><expression value="hasValue() or (children().count() &gt; id.count())"/><xpath value="@value|f:*|h:div"/><source value="http://hl7.org/fhir/StructureDefinition/Element"/></constraint><isModifier value="false"/><isSummary value="true"/><mapping><identity value="w5"/><map value="FiveWs.done[x]"/></mapping><mapping><identity value="rim"/><map value="n/a"/></mapping></element><element id="Endpoint.payloadType"><path value="Endpoint.payloadType"/><slicing><discriminator><type value="value"/><path value="coding.system"/></discriminator><rules value="open"/></slicing><short value="The type of content that may be used at this endpoint (e.g. XDS Discharge summaries)"/><definition value="no-basis: for ebXML and AMQP messages in Norway one is expected to list all mesage types that the endpoint supports using the CodeSystem Meldingens funksjon (OID=8279) as a minimum. To describe complete version information to determine the type and version of the messages the endpoint supports, a CapabilityStatement can be used to describe the endpoints communication capabilities in detail.&#xD;&#xA;REST endpoints are expected to use the code &quot;any&quot; from https://www.hl7.org/fhir/codesystem-endpoint-payload-type.html. Proper FHIR Restful API&#39;s are expected to serve a CapabilityStatement from the base uri specified.&#xD;&#xA;Other payload types can be given using codes from the ValueSet http://hl7.org/fhir/ValueSet/endpoint-payload-type. &#xD;&#xA;&#xD;&#xA;The payload type describes the acceptable content that can be communicated on the endpoint."/><comment value="The payloadFormat describes the serialization format of the data, where the payloadType indicates the specific document/schema that is being transferred; e.g. DischargeSummary or CarePlan."/><min value="1"/><max value="*"/><base><path value="Endpoint.payloadType"/><min value="1"/><max value="*"/></base><type><code value="CodeableConcept"/></type><constraint><key value="ele-1"/><severity value="error"/><human value="All FHIR elements must have a @value or children"/><expression value="hasValue() or (children().count() &gt; id.count())"/><xpath value="@value|f:*|h:div"/><source value="http://hl7.org/fhir/StructureDefinition/Element"/></constraint><isModifier value="false"/><isSummary value="true"/><binding><extension url="http://hl7.org/fhir/StructureDefinition/elementdefinition-bindingName"><valueString value="PayloadType"/></extension><strength value="example"/><valueSet value="http://hl7.org/fhir/ValueSet/endpoint-payload-type"/></binding><mapping><identity value="rim"/><map value="n/a"/></mapping></element><element id="Endpoint.payloadType:meldingensFunksjon"><path value="Endpoint.payloadType"/><sliceName value="meldingensFunksjon"/><short value="The type of content that may be used at this endpoint (e.g. XDS Discharge summaries)"/><definition value="no-basis: for ebXML and AMQP messages in Norway one is expected to list all mesage types that the endpoint supports using the CodeSystem Meldingens funksjon (OID=8279). Version information (version of the payload document) shold be given in the coding.version element.&#xD;&#xA;&#xD;&#xA;The payload type describes the acceptable content that can be communicated on the endpoint."/><comment value="The payloadFormat describes the serialization format of the data, where the payloadType indicates the specific document/schema that is being transferred; e.g. DischargeSummary or CarePlan."/><min value="0"/><max value="*"/><base><path value="Endpoint.payloadType"/><min value="1"/><max value="*"/></base><type><code value="CodeableConcept"/></type><constraint><key value="ele-1"/><severity value="error"/><human value="All FHIR elements must have a @value or children"/><expression value="hasValue() or (children().count() &gt; id.count())"/><xpath value="@value|f:*|h:div"/><source value="http://hl7.org/fhir/StructureDefinition/Element"/></constraint><isModifier value="false"/><isSummary value="true"/><binding><strength value="required"/><valueSet value="urn:oid:2.16.578.1.12.4.1.1.8279"/></binding><mapping><identity value="rim"/><map value="n/a"/></mapping></element><element id="Endpoint.payloadType:formatCode"><path value="Endpoint.payloadType"/><sliceName value="formatCode"/><short value="Specific information about payload type and version"/><definition value="no-basis: Specific information about payload type and version. Information about the payload type and version for ebxml and amqp messages&#xD;&#xA;&#xD;&#xA;The payload type describes the acceptable content that can be communicated on the endpoint."/><comment value="The payloadFormat describes the serialization format of the data, where the payloadType indicates the specific document/schema that is being transferred; e.g. DischargeSummary or CarePlan."/><min value="0"/><max value="*"/><base><path value="Endpoint.payloadType"/><min value="1"/><max value="*"/></base><type><code value="CodeableConcept"/></type><constraint><key value="ele-1"/><severity value="error"/><human value="All FHIR elements must have a @value or children"/><expression value="hasValue() or (children().count() &gt; id.count())"/><xpath value="@value|f:*|h:div"/><source value="http://hl7.org/fhir/StructureDefinition/Element"/></constraint><isModifier value="false"/><isSummary value="true"/><binding><strength value="required"/><valueSet value="urn:oid:2.16.578.1.12.4.1.1.0000"/></binding><mapping><identity value="rim"/><map value="n/a"/></mapping></element><element id="Endpoint.payloadMimeType"><path value="Endpoint.payloadMimeType"/><short value="Mimetype to send. If not specified, the content could be anything (including no payload, if the connectionType defined this)"/><definition value="no-basis: should we list relevant codes for ebXML messages? List appropriate media types for FHIR REST endpoints?&#xD;&#xA;XML: application/fhir+xml&#xD;&#xA;JSON: application/fhir+json&#xD;&#xA;RDF: application/fhir+turtle&#xD;&#xA;ebXML messages: text/xml&#xD;&#xA;&#xD;&#xA;The mime type to send the payload in - e.g. application/fhir+xml, application/fhir+json. If the mime type is not specified, then the sender could send any content (including no content depending on the connectionType)."/><comment value="Sending the payload has obvious security consequences. The server is responsible for ensuring that the content is appropriately secured."/><min value="0"/><max value="*"/><base><path value="Endpoint.payloadMimeType"/><min value="0"/><max value="*"/></base><type><code value="code"/></type><constraint><key value="ele-1"/><severity value="error"/><human value="All FHIR elements must have a @value or children"/><expression value="hasValue() or (children().count() &gt; id.count())"/><xpath value="@value|f:*|h:div"/><source value="http://hl7.org/fhir/StructureDefinition/Element"/></constraint><isModifier value="false"/><isSummary value="true"/><binding><strength value="required"/><valueSet value="http://www.rfc-editor.org/bcp/bcp13.txt"/></binding><mapping><identity value="rim"/><map value="n/a"/></mapping></element><element id="Endpoint.address"><path value="Endpoint.address"/><short value="The technical base address for connecting to this endpoint"/><definition value="The uri that describes the actual end-point to connect to.&#xD;&#xA;&#xD;&#xA;no-basis: for ebXML messages in Norway one is expected to use mailto: prefix for the endpoint. &#xD;&#xA;For AMQP messages in Norway one is expected to use &quot;ampq://&quot; or &quot;amqps://&quot; prefix.&#xD;&#xA;REST endpoints will have &quot;http://&quot; or &quot;https://&quot; prefix."/><comment value="For rest-hook, and websocket, the end-point must be an http: or https: URL; for email, a mailto: url, for sms, a tel: url, and for message the endpoint can be in any form of url the server understands (usually, http: or mllp:). The URI is allowed to be relative; in which case, it is relative to the server end-point (since there may be more than one, clients should avoid using relative URIs)&#xA;&#xA;This address will be to the service base, without any parameters, or sub-services or resources tacked on.&#xA;&#xA;E.g. for a WADO-RS endpoint, the url should be &quot;https://pacs.hospital.org/wado-rs&quot;&#xA;&#xA;and not &quot;https://pacs.hospital.org/wado-rs/studies/1.2.250.1.59.40211.12345678.678910/series/1.2.250.1.59.40211.789001276.14556172.67789/instances/...&quot;."/><min value="1"/><max value="1"/><base><path value="Endpoint.address"/><min value="1"/><max value="1"/></base><type><code value="url"/></type><example><label value="amqp endpoint"/><valueUrl value="amqp_endpoint"/></example><example><label value="ebxml endpoint"/><valueUrl value="ebxml_endpoint"/></example><example><label value="REST endpoint"/><valueUrl value="REST_endpoint"/></example><constraint><key value="ele-1"/><severity value="error"/><human value="All FHIR elements must have a @value or children"/><expression value="hasValue() or (children().count() &gt; id.count())"/><xpath value="@value|f:*|h:div"/><source value="http://hl7.org/fhir/StructureDefinition/Element"/></constraint><isModifier value="false"/><isSummary value="true"/><mapping><identity value="rim"/><map value="n/a"/></mapping></element><element id="Endpoint.header"><path value="Endpoint.header"/><short value="Usage depends on the channel type"/><definition value="Additional headers / information to send as part of the notification."/><comment value="Exactly what these mean depends on the channel type. The can convey additional information to the recipient and/or meet security requirements."/><min value="0"/><max value="*"/><base><path value="Endpoint.header"/><min value="0"/><max value="*"/></base><type><code value="string"/></type><constraint><key value="ele-1"/><severity value="error"/><human value="All FHIR elements must have a @value or children"/><expression value="hasValue() or (children().count() &gt; id.count())"/><xpath value="@value|f:*|h:div"/><source value="http://hl7.org/fhir/StructureDefinition/Element"/></constraint><isModifier value="false"/><isSummary value="false"/></element></snapshot><differential><element id="Endpoint"><path value="Endpoint"/><definition value="The no-basis profile of the Endpoint resource makes it possible to use the resource for the norwegian service based adressing (tjenestebasert adressering) and other adressing schemes.&#xD;&#xA;&#xD;&#xA;The technical details of an endpoint that can be used for electronic services, such as for web services providing XDS.b or a REST endpoint for another FHIR server. This may include any security context information."/></element><element id="Endpoint.identifier"><path value="Endpoint.identifier"/><comment value="no-basis: Adresseregisteret do not provide a identifier for the Endpoints, so any identifier scheme is apropriate."/></element><element id="Endpoint.connectionType"><path value="Endpoint.connectionType"/><definition value="no-basis:  the connection type should be coded according to http://hl7.org/fhir/ValueSet/endpoint-connection-type. However specific connection types used in Norway can be coded according to http://hl7.no/fhir/ValueSet/no-basis-endpoint-connection-type (amqp, ebxml etc.)&#xD;&#xA;&#xD;&#xA;A coded value that represents the technical details of the usage of this endpoint, such as what WSDLs should be used in what way. (e.g. XDS.b/DICOM/cds-hook)."/><binding><strength value="extensible"/><valueSet value="http://hl7.no/fhir/ValueSet/no-basis-connection-type"/></binding></element><element id="Endpoint.managingOrganization"><path value="Endpoint.managingOrganization"/><definition value="The organization that manages this endpoint (even if technically another organisation is hosting this in the cloud, it is the organisation associated with the data).&#xD;&#xA;&#xD;&#xA;no-basis: In Norway this relates to the organization with the responsibility for the data e.g. &quot;dataansvarlig&quot;.&#xD;&#xA;no-basis recommends the use of logical reference to an organization using ENH or RSH. To describe a top level organization. Departments within an organization could use a different reference scheme defined by the organization."/><alias value="dataansvarlig"/><type><code value="Reference"/><targetProfile value="http://hl7.org/fhir/StructureDefinition/Organization"/><targetProfile value="http://hl7.no/fhir/StructureDefinition/no-basis-Organization"/></type></element><element id="Endpoint.payloadType"><path value="Endpoint.payloadType"/><slicing><discriminator><type value="value"/><path value="coding.system"/></discriminator><rules value="open"/></slicing><definition value="no-basis: for ebXML and AMQP messages in Norway one is expected to list all mesage types that the endpoint supports using the CodeSystem Meldingens funksjon (OID=8279) as a minimum. To describe complete version information to determine the type and version of the messages the endpoint supports, a CapabilityStatement can be used to describe the endpoints communication capabilities in detail.&#xD;&#xA;REST endpoints are expected to use the code &quot;any&quot; from https://www.hl7.org/fhir/codesystem-endpoint-payload-type.html. Proper FHIR Restful API&#39;s are expected to serve a CapabilityStatement from the base uri specified.&#xD;&#xA;Other payload types can be given using codes from the ValueSet http://hl7.org/fhir/ValueSet/endpoint-payload-type. &#xD;&#xA;&#xD;&#xA;The payload type describes the acceptable content that can be communicated on the endpoint."/></element><element id="Endpoint.payloadType:meldingensFunksjon"><path value="Endpoint.payloadType"/><sliceName value="meldingensFunksjon"/><definition value="no-basis: for ebXML and AMQP messages in Norway one is expected to list all mesage types that the endpoint supports using the CodeSystem Meldingens funksjon (OID=8279). Version information (version of the payload document) shold be given in the coding.version element.&#xD;&#xA;&#xD;&#xA;The payload type describes the acceptable content that can be communicated on the endpoint."/><min value="0"/><max value="*"/><binding><strength value="required"/><valueSet value="urn:oid:2.16.578.1.12.4.1.1.8279"/></binding></element><element id="Endpoint.payloadType:formatCode"><path value="Endpoint.payloadType"/><sliceName value="formatCode"/><short value="Specific information about payload type and version"/><definition value="no-basis: Specific information about payload type and version. Information about the payload type and version for ebxml and amqp messages&#xD;&#xA;&#xD;&#xA;The payload type describes the acceptable content that can be communicated on the endpoint."/><min value="0"/><max value="*"/><binding><strength value="required"/><valueSet value="urn:oid:2.16.578.1.12.4.1.1.0000"/></binding></element><element id="Endpoint.payloadMimeType"><path value="Endpoint.payloadMimeType"/><definition value="no-basis: should we list relevant codes for ebXML messages? List appropriate media types for FHIR REST endpoints?&#xD;&#xA;XML: application/fhir+xml&#xD;&#xA;JSON: application/fhir+json&#xD;&#xA;RDF: application/fhir+turtle&#xD;&#xA;ebXML messages: text/xml&#xD;&#xA;&#xD;&#xA;The mime type to send the payload in - e.g. application/fhir+xml, application/fhir+json. If the mime type is not specified, then the sender could send any content (including no content depending on the connectionType)."/><binding><strength value="required"/><valueSet value="http://www.rfc-editor.org/bcp/bcp13.txt"/></binding></element><element id="Endpoint.address"><path value="Endpoint.address"/><definition value="The uri that describes the actual end-point to connect to.&#xD;&#xA;&#xD;&#xA;no-basis: for ebXML messages in Norway one is expected to use mailto: prefix for the endpoint. &#xD;&#xA;For AMQP messages in Norway one is expected to use &quot;ampq://&quot; or &quot;amqps://&quot; prefix.&#xD;&#xA;REST endpoints will have &quot;http://&quot; or &quot;https://&quot; prefix."/><example><label value="amqp endpoint"/><valueUrl value="amqp_endpoint"/></example><example><label value="ebxml endpoint"/><valueUrl value="ebxml_endpoint"/></example><example><label value="REST endpoint"/><valueUrl value="REST_endpoint"/></example></element></differential></StructureDefinition>