<?xml version="1.0" encoding="UTF-8"?><ValueSet xmlns="http://hl7.org/fhir"><id value="no-basis-family-relation.valueset"/><meta><versionId value="1"/><lastUpdated value="2018-10-16T10:48:46.366+00:00"/></meta><text><status value="generated"/><div xmlns="http://www.w3.org/1999/xhtml"><ul><li>Include all codes defined in <a href="CodeSystem-no-basis-family-relation.codesystem.html"><code>http://hl7.no/fhir/CodeSystem/no-basis-family-relation</code></a></li></ul></div></text><url value="http://hl7.no/fhir/ValueSet/no-basis-family-relation"/><version value="2.1.1"/><name value="NoBasisFamilyRelation"/><title value="no-basis-family-relation.valueset"/><status value="active"/><experimental value="true"/><date value="2018-10-26T10:48:45.936+00:00"/><publisher value="Direktoratet for e-helse"/><description value="Copy of Codes from Familierelasjon defined by Skatteetaten"/><jurisdiction><coding><system value="urn:iso:std:iso:3166"/><code value="NO"/><display value="Norway"/></coding></jurisdiction><immutable value="false"/><compose><include><system value="http://hl7.no/fhir/CodeSystem/no-basis-family-relation"/></include></compose></ValueSet>