<?xml version="1.0" encoding="UTF-8"?>

<Bundle xmlns="http://hl7.org/fhir">
  <id value="a4b23b5c-1269-45d2-a92a-a56a2a3242b4"/>
  <meta>
    <lastUpdated value="2021-09-28T18:02:44.150+00:00"/>
  </meta>
  <type value="collection"/>
  <entry>
    <fullUrl value="http://hl7.no/fhir/ValueSet/no-basis-connection-type"/>
    <resource>
      <ValueSet>
        <id value="no-basis-connection-type.valueset"/>
        <meta>
          <versionId value="1"/>
          <lastUpdated value="2018-10-16T10:48:46.366+00:00"/>
        </meta>
        <text>
          <status value="generated"/>
          <div xmlns="http://www.w3.org/1999/xhtml">
            <p>This value set contains 16 concepts</p>
            <div style="border: black 1px dotted; background-color: #EEEEEE; padding: 8px; margin-bottom: 8px">
              <p>Expansion based on: </p>
              <ul>
                <li>
                  <a href="http://terminology.hl7.org/2.1.0/CodeSystem-endpoint-connection-type.html">Endpoint Connection Type v0.1.0 (CodeSystem)</a>
                </li>
                <li>
                  <a href="CodeSystem-no-basis-connection-type.codesystem.html">no-basis-connection-type.codesystem v2.0.17-alpha (CodeSystem)</a>
                </li>
              </ul>
            </div>
            <table class="codes">
              <tr>
                <td style="white-space:nowrap">
                  <b>Code</b>
                </td>
                <td>
                  <b>System</b>
                </td>
                <td>
                  <b>Display</b>
                </td>
                <td>
                  <b>Definition</b>
                </td>
              </tr>
              <tr>
                <td style="white-space:nowrap">
                  <a name="http---hl7.no-fhir-CodeSystem-no-basis-connection-type-no-ebxml-2"> </a>
                  <a href="CodeSystem-no-basis-connection-type.codesystem.html#no-basis-connection-type.codesystem-no-ebxml-2">no-ebxml-2</a>
                </td>
                <td>http://hl7.no/fhir/CodeSystem/no-basis-connection-type</td>
                <td>ebXML 2.0</td>
                <td>ebXML messaging as described in the Norwegian profile HIS 1037:2011 based on OASIS ebMS 2.0 specification</td>
              </tr>
              <tr>
                <td style="white-space:nowrap">
                  <a name="http---hl7.no-fhir-CodeSystem-no-basis-connection-type-no-amqp"> </a>
                  <a href="CodeSystem-no-basis-connection-type.codesystem.html#no-basis-connection-type.codesystem-no-amqp">no-amqp</a>
                </td>
                <td>http://hl7.no/fhir/CodeSystem/no-basis-connection-type</td>
                <td>AMQP</td>
                <td>AMQP based synchronuous and asynchronus message delivery</td>
              </tr>
              <tr>
                <td style="white-space:nowrap">
                  <a name="http---terminology.hl7.org-CodeSystem-endpoint-connection-type-ihe-xcpd"> </a>
                  <a href="http://terminology.hl7.org/2.1.0/CodeSystem-endpoint-connection-type.html#endpoint-connection-type-ihe-xcpd">ihe-xcpd</a>
                </td>
                <td>http://terminology.hl7.org/CodeSystem/endpoint-connection-type</td>
                <td>IHE XCPD</td>
                <td>IHE Cross Community Patient Discovery Profile (XCPD) - http://wiki.ihe.net/index.php/Cross-Community_Patient_Discovery</td>
              </tr>
              <tr>
                <td style="white-space:nowrap">
                  <a name="http---terminology.hl7.org-CodeSystem-endpoint-connection-type-ihe-xca"> </a>
                  <a href="http://terminology.hl7.org/2.1.0/CodeSystem-endpoint-connection-type.html#endpoint-connection-type-ihe-xca">ihe-xca</a>
                </td>
                <td>http://terminology.hl7.org/CodeSystem/endpoint-connection-type</td>
                <td>IHE XCA</td>
                <td>IHE Cross Community Access Profile (XCA) - http://wiki.ihe.net/index.php/Cross-Community_Access</td>
              </tr>
              <tr>
                <td style="white-space:nowrap">
                  <a name="http---terminology.hl7.org-CodeSystem-endpoint-connection-type-ihe-xdr"> </a>
                  <a href="http://terminology.hl7.org/2.1.0/CodeSystem-endpoint-connection-type.html#endpoint-connection-type-ihe-xdr">ihe-xdr</a>
                </td>
                <td>http://terminology.hl7.org/CodeSystem/endpoint-connection-type</td>
                <td>IHE XDR</td>
                <td>IHE Cross-Enterprise Document Reliable Exchange (XDR) - http://wiki.ihe.net/index.php/Cross-enterprise_Document_Reliable_Interchange</td>
              </tr>
              <tr>
                <td style="white-space:nowrap">
                  <a name="http---terminology.hl7.org-CodeSystem-endpoint-connection-type-ihe-xds"> </a>
                  <a href="http://terminology.hl7.org/2.1.0/CodeSystem-endpoint-connection-type.html#endpoint-connection-type-ihe-xds">ihe-xds</a>
                </td>
                <td>http://terminology.hl7.org/CodeSystem/endpoint-connection-type</td>
                <td>IHE XDS</td>
                <td>IHE Cross-Enterprise Document Sharing (XDS) - http://wiki.ihe.net/index.php/Cross-Enterprise_Document_Sharing</td>
              </tr>
              <tr>
                <td style="white-space:nowrap">
                  <a name="http---terminology.hl7.org-CodeSystem-endpoint-connection-type-ihe-iid"> </a>
                  <a href="http://terminology.hl7.org/2.1.0/CodeSystem-endpoint-connection-type.html#endpoint-connection-type-ihe-iid">ihe-iid</a>
                </td>
                <td>http://terminology.hl7.org/CodeSystem/endpoint-connection-type</td>
                <td>IHE IID</td>
                <td>IHE Invoke Image Display (IID) - http://wiki.ihe.net/index.php/Invoke_Image_Display</td>
              </tr>
              <tr>
                <td style="white-space:nowrap">
                  <a name="http---terminology.hl7.org-CodeSystem-endpoint-connection-type-dicom-wado-rs"> </a>
                  <a href="http://terminology.hl7.org/2.1.0/CodeSystem-endpoint-connection-type.html#endpoint-connection-type-dicom-wado-rs">dicom-wado-rs</a>
                </td>
                <td>http://terminology.hl7.org/CodeSystem/endpoint-connection-type</td>
                <td>DICOM WADO-RS</td>
                <td>DICOMweb RESTful Image Retrieve - http://dicom.nema.org/medical/dicom/current/output/chtml/part18/sect_6.5.html</td>
              </tr>
              <tr>
                <td style="white-space:nowrap">
                  <a name="http---terminology.hl7.org-CodeSystem-endpoint-connection-type-dicom-qido-rs"> </a>
                  <a href="http://terminology.hl7.org/2.1.0/CodeSystem-endpoint-connection-type.html#endpoint-connection-type-dicom-qido-rs">dicom-qido-rs</a>
                </td>
                <td>http://terminology.hl7.org/CodeSystem/endpoint-connection-type</td>
                <td>DICOM QIDO-RS</td>
                <td>DICOMweb RESTful Image query - http://dicom.nema.org/medical/dicom/current/output/chtml/part18/sect_6.7.html</td>
              </tr>
              <tr>
                <td style="white-space:nowrap">
                  <a name="http---terminology.hl7.org-CodeSystem-endpoint-connection-type-dicom-stow-rs"> </a>
                  <a href="http://terminology.hl7.org/2.1.0/CodeSystem-endpoint-connection-type.html#endpoint-connection-type-dicom-stow-rs">dicom-stow-rs</a>
                </td>
                <td>http://terminology.hl7.org/CodeSystem/endpoint-connection-type</td>
                <td>DICOM STOW-RS</td>
                <td>DICOMweb RESTful image sending and storage - http://dicom.nema.org/medical/dicom/current/output/chtml/part18/sect_6.6.html</td>
              </tr>
              <tr>
                <td style="white-space:nowrap">
                  <a name="http---terminology.hl7.org-CodeSystem-endpoint-connection-type-dicom-wado-uri"> </a>
                  <a href="http://terminology.hl7.org/2.1.0/CodeSystem-endpoint-connection-type.html#endpoint-connection-type-dicom-wado-uri">dicom-wado-uri</a>
                </td>
                <td>http://terminology.hl7.org/CodeSystem/endpoint-connection-type</td>
                <td>DICOM WADO-URI</td>
                <td>DICOMweb Image Retrieve - http://dicom.nema.org/dicom/2013/output/chtml/part18/sect_6.3.html</td>
              </tr>
              <tr>
                <td style="white-space:nowrap">
                  <a name="http---terminology.hl7.org-CodeSystem-endpoint-connection-type-hl7-fhir-rest"> </a>
                  <a href="http://terminology.hl7.org/2.1.0/CodeSystem-endpoint-connection-type.html#endpoint-connection-type-hl7-fhir-rest">hl7-fhir-rest</a>
                </td>
                <td>http://terminology.hl7.org/CodeSystem/endpoint-connection-type</td>
                <td>HL7 FHIR</td>
                <td>Interact with the server interface using FHIR&#39;s RESTful interface. For details on its version/capabilities you should connect the value in Endpoint.address and retrieve the FHIR CapabilityStatement.</td>
              </tr>
              <tr>
                <td style="white-space:nowrap">
                  <a name="http---terminology.hl7.org-CodeSystem-endpoint-connection-type-hl7-fhir-msg"> </a>
                  <a href="http://terminology.hl7.org/2.1.0/CodeSystem-endpoint-connection-type.html#endpoint-connection-type-hl7-fhir-msg">hl7-fhir-msg</a>
                </td>
                <td>http://terminology.hl7.org/CodeSystem/endpoint-connection-type</td>
                <td>HL7 FHIR Messaging</td>
                <td>Use the servers FHIR Messaging interface. Details can be found on the messaging.html page in the FHIR Specification. The FHIR server&#39;s base address is specified in the Endpoint.address property.</td>
              </tr>
              <tr>
                <td style="white-space:nowrap">
                  <a name="http---terminology.hl7.org-CodeSystem-endpoint-connection-type-hl7v2-mllp"> </a>
                  <a href="http://terminology.hl7.org/2.1.0/CodeSystem-endpoint-connection-type.html#endpoint-connection-type-hl7v2-mllp">hl7v2-mllp</a>
                </td>
                <td>http://terminology.hl7.org/CodeSystem/endpoint-connection-type</td>
                <td>HL7 v2 MLLP</td>
                <td>HL7v2 messages over an LLP TCP connection</td>
              </tr>
              <tr>
                <td style="white-space:nowrap">
                  <a name="http---terminology.hl7.org-CodeSystem-endpoint-connection-type-secure-email"> </a>
                  <a href="http://terminology.hl7.org/2.1.0/CodeSystem-endpoint-connection-type.html#endpoint-connection-type-secure-email">secure-email</a>
                </td>
                <td>http://terminology.hl7.org/CodeSystem/endpoint-connection-type</td>
                <td>Secure email</td>
                <td>Email delivery using a digital certificate to encrypt the content using the public key, receiver must have the private key to decrypt the content</td>
              </tr>
              <tr>
                <td style="white-space:nowrap">
                  <a name="http---terminology.hl7.org-CodeSystem-endpoint-connection-type-direct-project"> </a>
                  <a href="http://terminology.hl7.org/2.1.0/CodeSystem-endpoint-connection-type.html#endpoint-connection-type-direct-project">direct-project</a>
                </td>
                <td>http://terminology.hl7.org/CodeSystem/endpoint-connection-type</td>
                <td>Direct Project</td>
                <td>Direct Project information - http://wiki.directproject.org/</td>
              </tr>
            </table>
          </div>
        </text>
        <url value="http://hl7.no/fhir/ValueSet/no-basis-connection-type"/>
        <version value="2.0.17-alpha"/>
        <name value="NoBasisConnectionType"/>
        <title value="no-basis-connection-type.valueset"/>
        <status value="active"/>
        <experimental value="true"/>
        <date value="2019-03-13T10:48:45.936+00:00"/>
        <publisher value="Direktoratet for e-helse"/>
        <description value="ValueSet for connection types used in Endpoint definition. Includes all Norwegian specific types (no-basis-connection-type) and the extensible HL7 CodeSystem for connection-type"/>
        <jurisdiction>
          <coding>
            <system value="urn:iso:std:iso:3166"/>
            <code value="NO"/>
            <display value="Norway"/>
          </coding>
        </jurisdiction>
        <immutable value="false"/>
        <expansion>
          <identifier value="urn:uuid:e3d418fe-2c86-47e2-9950-3263480089d2"/>
          <timestamp value="2021-09-28T18:03:11+00:00"/>
          <total value="16"/>
          <parameter>
            <name value="excludeNested"/>
            <valueBoolean value="false"/>
          </parameter>
          <parameter>
            <name value="version"/>
            <valueUri value="http://hl7.no/fhir/CodeSystem/no-basis-connection-type|2.0.17-alpha"/>
          </parameter>
          <parameter>
            <name value="version"/>
            <valueUri value="http://terminology.hl7.org/CodeSystem/endpoint-connection-type|0.1.0"/>
          </parameter>
          <contains>
            <system value="http://hl7.no/fhir/CodeSystem/no-basis-connection-type"/>
            <code value="no-ebxml-2"/>
            <display value="ebXML 2.0"/>
          </contains>
          <contains>
            <system value="http://hl7.no/fhir/CodeSystem/no-basis-connection-type"/>
            <code value="no-amqp"/>
            <display value="AMQP"/>
          </contains>
          <contains>
            <system value="http://terminology.hl7.org/CodeSystem/endpoint-connection-type"/>
            <code value="ihe-xcpd"/>
            <display value="IHE XCPD"/>
          </contains>
          <contains>
            <system value="http://terminology.hl7.org/CodeSystem/endpoint-connection-type"/>
            <code value="ihe-xca"/>
            <display value="IHE XCA"/>
          </contains>
          <contains>
            <system value="http://terminology.hl7.org/CodeSystem/endpoint-connection-type"/>
            <code value="ihe-xdr"/>
            <display value="IHE XDR"/>
          </contains>
          <contains>
            <system value="http://terminology.hl7.org/CodeSystem/endpoint-connection-type"/>
            <code value="ihe-xds"/>
            <display value="IHE XDS"/>
          </contains>
          <contains>
            <system value="http://terminology.hl7.org/CodeSystem/endpoint-connection-type"/>
            <code value="ihe-iid"/>
            <display value="IHE IID"/>
          </contains>
          <contains>
            <system value="http://terminology.hl7.org/CodeSystem/endpoint-connection-type"/>
            <code value="dicom-wado-rs"/>
            <display value="DICOM WADO-RS"/>
          </contains>
          <contains>
            <system value="http://terminology.hl7.org/CodeSystem/endpoint-connection-type"/>
            <code value="dicom-qido-rs"/>
            <display value="DICOM QIDO-RS"/>
          </contains>
          <contains>
            <system value="http://terminology.hl7.org/CodeSystem/endpoint-connection-type"/>
            <code value="dicom-stow-rs"/>
            <display value="DICOM STOW-RS"/>
          </contains>
          <contains>
            <system value="http://terminology.hl7.org/CodeSystem/endpoint-connection-type"/>
            <code value="dicom-wado-uri"/>
            <display value="DICOM WADO-URI"/>
          </contains>
          <contains>
            <system value="http://terminology.hl7.org/CodeSystem/endpoint-connection-type"/>
            <code value="hl7-fhir-rest"/>
            <display value="HL7 FHIR"/>
          </contains>
          <contains>
            <system value="http://terminology.hl7.org/CodeSystem/endpoint-connection-type"/>
            <code value="hl7-fhir-msg"/>
            <display value="HL7 FHIR Messaging"/>
          </contains>
          <contains>
            <system value="http://terminology.hl7.org/CodeSystem/endpoint-connection-type"/>
            <code value="hl7v2-mllp"/>
            <display value="HL7 v2 MLLP"/>
          </contains>
          <contains>
            <system value="http://terminology.hl7.org/CodeSystem/endpoint-connection-type"/>
            <code value="secure-email"/>
            <display value="Secure email"/>
          </contains>
          <contains>
            <system value="http://terminology.hl7.org/CodeSystem/endpoint-connection-type"/>
            <code value="direct-project"/>
            <display value="Direct Project"/>
          </contains>
        </expansion>
      </ValueSet>
    </resource>
  </entry>
  <entry>
    <fullUrl value="http://hl7.no/fhir/ValueSet/no-basis-family-relation"/>
    <resource>
      <ValueSet>
        <id value="no-basis-family-relation.valueset"/>
        <meta>
          <versionId value="1"/>
          <lastUpdated value="2018-10-16T10:48:46.366+00:00"/>
        </meta>
        <text>
          <status value="generated"/>
          <div xmlns="http://www.w3.org/1999/xhtml">
            <p>This value set contains 7 concepts</p>
            <p style="border: black 1px dotted; background-color: #EEEEEE; padding: 8px; margin-bottom: 8px">Expansion based on 
              <a href="CodeSystem-no-basis-family-relation.codesystem.html">no-basis-family-relation.codesystem v2.0.17-alpha (CodeSystem)</a>
            </p>
            <p>All codes in this table are from the system 
              <a href="CodeSystem-no-basis-family-relation.codesystem.html">
                <code>http://hl7.no/fhir/CodeSystem/no-basis-family-relation</code>
              </a>
            </p>
            <table class="codes">
              <tr>
                <td style="white-space:nowrap">
                  <b>Code</b>
                </td>
                <td>
                  <b>Display</b>
                </td>
                <td>
                  <b>Definition</b>
                </td>
              </tr>
              <tr>
                <td style="white-space:nowrap">
                  <a name="http---hl7.no-fhir-CodeSystem-no-basis-family-relation-mor"> </a>
                  <a href="CodeSystem-no-basis-family-relation.codesystem.html#no-basis-family-relation.codesystem-mor">mor</a>
                </td>
                <td>Mor</td>
                <td/>
              </tr>
              <tr>
                <td style="white-space:nowrap">
                  <a name="http---hl7.no-fhir-CodeSystem-no-basis-family-relation-far"> </a>
                  <a href="CodeSystem-no-basis-family-relation.codesystem.html#no-basis-family-relation.codesystem-far">far</a>
                </td>
                <td>Far</td>
                <td/>
              </tr>
              <tr>
                <td style="white-space:nowrap">
                  <a name="http---hl7.no-fhir-CodeSystem-no-basis-family-relation-medmor"> </a>
                  <a href="CodeSystem-no-basis-family-relation.codesystem.html#no-basis-family-relation.codesystem-medmor">medmor</a>
                </td>
                <td>Medmor</td>
                <td/>
              </tr>
              <tr>
                <td style="white-space:nowrap">
                  <a name="http---hl7.no-fhir-CodeSystem-no-basis-family-relation-barn"> </a>
                  <a href="CodeSystem-no-basis-family-relation.codesystem.html#no-basis-family-relation.codesystem-barn">barn</a>
                </td>
                <td>Barn</td>
                <td/>
              </tr>
              <tr>
                <td style="white-space:nowrap">
                  <a name="http---hl7.no-fhir-CodeSystem-no-basis-family-relation-søsken"> </a>
                  <a href="CodeSystem-no-basis-family-relation.codesystem.html#no-basis-family-relation.codesystem-s.248sken">søsken</a>
                </td>
                <td>Søsken</td>
                <td/>
              </tr>
              <tr>
                <td style="white-space:nowrap">
                  <a name="http---hl7.no-fhir-CodeSystem-no-basis-family-relation-ektefelleEllerPartner"> </a>
                  <a href="CodeSystem-no-basis-family-relation.codesystem.html#no-basis-family-relation.codesystem-ektefelleEllerPartner">ektefelleEllerPartner</a>
                </td>
                <td>Ektefelle eller partner</td>
                <td/>
              </tr>
              <tr>
                <td style="white-space:nowrap">
                  <a name="http---hl7.no-fhir-CodeSystem-no-basis-family-relation-dødfødtBarn"> </a>
                  <a href="CodeSystem-no-basis-family-relation.codesystem.html#no-basis-family-relation.codesystem-d.248df.248dtBarn">dødfødtBarn</a>
                </td>
                <td>Dødfødt barn</td>
                <td/>
              </tr>
            </table>
          </div>
        </text>
        <url value="http://hl7.no/fhir/ValueSet/no-basis-family-relation"/>
        <version value="2.0.17-alpha"/>
        <name value="NoBasisFamilyRelation"/>
        <title value="no-basis-family-relation.valueset"/>
        <status value="active"/>
        <experimental value="true"/>
        <date value="2018-10-26T10:48:45.936+00:00"/>
        <publisher value="Direktoratet for e-helse"/>
        <description value="Copy of Codes from Familierelasjon defined by Skatteetaten"/>
        <jurisdiction>
          <coding>
            <system value="urn:iso:std:iso:3166"/>
            <code value="NO"/>
            <display value="Norway"/>
          </coding>
        </jurisdiction>
        <immutable value="false"/>
        <expansion>
          <identifier value="urn:uuid:239263d5-0a68-40e2-80b4-a932bb011e3b"/>
          <timestamp value="2021-09-28T18:03:12+00:00"/>
          <total value="7"/>
          <parameter>
            <name value="excludeNested"/>
            <valueBoolean value="false"/>
          </parameter>
          <parameter>
            <name value="version"/>
            <valueUri value="http://hl7.no/fhir/CodeSystem/no-basis-family-relation|2.0.17-alpha"/>
          </parameter>
          <contains>
            <system value="http://hl7.no/fhir/CodeSystem/no-basis-family-relation"/>
            <code value="mor"/>
            <display value="Mor"/>
          </contains>
          <contains>
            <system value="http://hl7.no/fhir/CodeSystem/no-basis-family-relation"/>
            <code value="far"/>
            <display value="Far"/>
          </contains>
          <contains>
            <system value="http://hl7.no/fhir/CodeSystem/no-basis-family-relation"/>
            <code value="medmor"/>
            <display value="Medmor"/>
          </contains>
          <contains>
            <system value="http://hl7.no/fhir/CodeSystem/no-basis-family-relation"/>
            <code value="barn"/>
            <display value="Barn"/>
          </contains>
          <contains>
            <system value="http://hl7.no/fhir/CodeSystem/no-basis-family-relation"/>
            <code value="søsken"/>
            <display value="Søsken"/>
          </contains>
          <contains>
            <system value="http://hl7.no/fhir/CodeSystem/no-basis-family-relation"/>
            <code value="ektefelleEllerPartner"/>
            <display value="Ektefelle eller partner"/>
          </contains>
          <contains>
            <system value="http://hl7.no/fhir/CodeSystem/no-basis-family-relation"/>
            <code value="dødfødtBarn"/>
            <display value="Dødfødt barn"/>
          </contains>
        </expansion>
      </ValueSet>
    </resource>
  </entry>
  <entry>
    <fullUrl value="http://hl7.no/fhir/ValueSet/no-basis-marital-status"/>
    <resource>
      <ValueSet>
        <id value="no-basis-marital-status.valueset"/>
        <text>
          <status value="generated"/>
          <div xmlns="http://www.w3.org/1999/xhtml">
            <p>This value set contains 10 concepts</p>
            <p style="border: black 1px dotted; background-color: #EEEEEE; padding: 8px; margin-bottom: 8px">Expansion based on 
              <a href="CodeSystem-no-basis-marital-status.codesystem.html">no-basis-marital-status.codesystem v2.0.17-alpha (CodeSystem)</a>
            </p>
            <p>All codes in this table are from the system 
              <a href="CodeSystem-no-basis-marital-status.codesystem.html">
                <code>http://hl7.no/fhir/CodeSystem/no-basis-marital-status</code>
              </a>
            </p>
            <table class="codes">
              <tr>
                <td style="white-space:nowrap">
                  <b>Code</b>
                </td>
                <td>
                  <b>Display</b>
                </td>
                <td>
                  <b>Definition</b>
                </td>
              </tr>
              <tr>
                <td style="white-space:nowrap">
                  <a name="http---hl7.no-fhir-CodeSystem-no-basis-marital-status-uoppgitt"> </a>
                  <a href="CodeSystem-no-basis-marital-status.codesystem.html#no-basis-marital-status.codesystem-uoppgitt">uoppgitt</a>
                </td>
                <td>Uoppgitt</td>
                <td>sivilstand er ikke stadfestet med godkjent grunnlag</td>
              </tr>
              <tr>
                <td style="white-space:nowrap">
                  <a name="http---hl7.no-fhir-CodeSystem-no-basis-marital-status-ugift"> </a>
                  <a href="CodeSystem-no-basis-marital-status.codesystem.html#no-basis-marital-status.codesystem-ugift">ugift</a>
                </td>
                <td>Ugift</td>
                <td>person som aldri har inngått ekteskap</td>
              </tr>
              <tr>
                <td style="white-space:nowrap">
                  <a name="http---hl7.no-fhir-CodeSystem-no-basis-marital-status-gift"> </a>
                  <a href="CodeSystem-no-basis-marital-status.codesystem.html#no-basis-marital-status.codesystem-gift">gift</a>
                </td>
                <td>Gift</td>
                <td>person som er i et ekteskap</td>
              </tr>
              <tr>
                <td style="white-space:nowrap">
                  <a name="http---hl7.no-fhir-CodeSystem-no-basis-marital-status-enkeEllerEnkemann"> </a>
                  <a href="CodeSystem-no-basis-marital-status.codesystem.html#no-basis-marital-status.codesystem-enkeEllerEnkemann">enkeEllerEnkemann</a>
                </td>
                <td>Enke eller enkemann</td>
                <td>gjenlevende person fra et ekteskap</td>
              </tr>
              <tr>
                <td style="white-space:nowrap">
                  <a name="http---hl7.no-fhir-CodeSystem-no-basis-marital-status-skilt"> </a>
                  <a href="CodeSystem-no-basis-marital-status.codesystem.html#no-basis-marital-status.codesystem-skilt">skilt</a>
                </td>
                <td>Skilt</td>
                <td>person som er lovlig skilt fra tidligere ektefelle</td>
              </tr>
              <tr>
                <td style="white-space:nowrap">
                  <a name="http---hl7.no-fhir-CodeSystem-no-basis-marital-status-separert"> </a>
                  <a href="CodeSystem-no-basis-marital-status.codesystem.html#no-basis-marital-status.codesystem-separert">separert</a>
                </td>
                <td>Separert</td>
                <td>person som er i en separasjonsperiode fra sin ektefelle</td>
              </tr>
              <tr>
                <td style="white-space:nowrap">
                  <a name="http---hl7.no-fhir-CodeSystem-no-basis-marital-status-registrertPartner"> </a>
                  <a href="CodeSystem-no-basis-marital-status.codesystem.html#no-basis-marital-status.codesystem-registrertPartner">registrertPartner</a>
                </td>
                <td>Registrert partner</td>
                <td>person som er i et partnerskap iht partnerskapsloven</td>
              </tr>
              <tr>
                <td style="white-space:nowrap">
                  <a name="http---hl7.no-fhir-CodeSystem-no-basis-marital-status-separertPartner"> </a>
                  <a href="CodeSystem-no-basis-marital-status.codesystem.html#no-basis-marital-status.codesystem-separertPartner">separertPartner</a>
                </td>
                <td>Separert partner</td>
                <td>person som er i en separasjonsperiode fra sin partner</td>
              </tr>
              <tr>
                <td style="white-space:nowrap">
                  <a name="http---hl7.no-fhir-CodeSystem-no-basis-marital-status-skiltPartner"> </a>
                  <a href="CodeSystem-no-basis-marital-status.codesystem.html#no-basis-marital-status.codesystem-skiltPartner">skiltPartner</a>
                </td>
                <td>Skilt partner</td>
                <td>person som er lovlig skilt fra tidligere partner</td>
              </tr>
              <tr>
                <td style="white-space:nowrap">
                  <a name="http---hl7.no-fhir-CodeSystem-no-basis-marital-status-gjenlevende-partner"> </a>
                  <a href="CodeSystem-no-basis-marital-status.codesystem.html#no-basis-marital-status.codesystem-gjenlevende_partner">gjenlevende_partner</a>
                </td>
                <td>Gjenlevende partner</td>
                <td>gjenlevende person fra et partnerskap</td>
              </tr>
            </table>
          </div>
        </text>
        <url value="http://hl7.no/fhir/ValueSet/no-basis-marital-status"/>
        <version value="2.0.17-alpha"/>
        <name value="NoBasisMaritalStatus"/>
        <title value="no-basis-marital-status.valueset"/>
        <status value="active"/>
        <experimental value="true"/>
        <date value="2020-03-20T10:48:45.936+00:00"/>
        <publisher value="Direktoratet for e-helse"/>
        <description value="Copy of Codes from Sivilstandstype defined by Skatteetaten"/>
        <jurisdiction>
          <coding>
            <system value="urn:iso:std:iso:3166"/>
            <code value="NO"/>
            <display value="Norway"/>
          </coding>
        </jurisdiction>
        <immutable value="false"/>
        <expansion>
          <identifier value="urn:uuid:744a45e1-d075-4f83-9658-eee80ac92900"/>
          <timestamp value="2021-09-28T18:03:12+00:00"/>
          <total value="10"/>
          <parameter>
            <name value="excludeNested"/>
            <valueBoolean value="false"/>
          </parameter>
          <parameter>
            <name value="version"/>
            <valueUri value="http://hl7.no/fhir/CodeSystem/no-basis-marital-status|2.0.17-alpha"/>
          </parameter>
          <contains>
            <system value="http://hl7.no/fhir/CodeSystem/no-basis-marital-status"/>
            <code value="uoppgitt"/>
            <display value="Uoppgitt"/>
          </contains>
          <contains>
            <system value="http://hl7.no/fhir/CodeSystem/no-basis-marital-status"/>
            <code value="ugift"/>
            <display value="Ugift"/>
          </contains>
          <contains>
            <system value="http://hl7.no/fhir/CodeSystem/no-basis-marital-status"/>
            <code value="gift"/>
            <display value="Gift"/>
          </contains>
          <contains>
            <system value="http://hl7.no/fhir/CodeSystem/no-basis-marital-status"/>
            <code value="enkeEllerEnkemann"/>
            <display value="Enke eller enkemann"/>
          </contains>
          <contains>
            <system value="http://hl7.no/fhir/CodeSystem/no-basis-marital-status"/>
            <code value="skilt"/>
            <display value="Skilt"/>
          </contains>
          <contains>
            <system value="http://hl7.no/fhir/CodeSystem/no-basis-marital-status"/>
            <code value="separert"/>
            <display value="Separert"/>
          </contains>
          <contains>
            <system value="http://hl7.no/fhir/CodeSystem/no-basis-marital-status"/>
            <code value="registrertPartner"/>
            <display value="Registrert partner"/>
          </contains>
          <contains>
            <system value="http://hl7.no/fhir/CodeSystem/no-basis-marital-status"/>
            <code value="separertPartner"/>
            <display value="Separert partner"/>
          </contains>
          <contains>
            <system value="http://hl7.no/fhir/CodeSystem/no-basis-marital-status"/>
            <code value="skiltPartner"/>
            <display value="Skilt partner"/>
          </contains>
          <contains>
            <system value="http://hl7.no/fhir/CodeSystem/no-basis-marital-status"/>
            <code value="gjenlevende_partner"/>
            <display value="Gjenlevende partner"/>
          </contains>
        </expansion>
      </ValueSet>
    </resource>
  </entry>
  <entry>
    <fullUrl value="http://hl7.no/fhir/ValueSet/no-basis-parental-responsibility"/>
    <resource>
      <ValueSet>
        <id value="no-basis-parental-responsibility.valueset"/>
        <meta>
          <versionId value="1"/>
          <lastUpdated value="2018-10-16T10:48:46.366+00:00"/>
        </meta>
        <text>
          <status value="generated"/>
          <div xmlns="http://www.w3.org/1999/xhtml">
            <p>This value set contains 6 concepts</p>
            <p style="border: black 1px dotted; background-color: #EEEEEE; padding: 8px; margin-bottom: 8px">Expansion based on 
              <a href="CodeSystem-no-basis-parental-responsibility.codesystem.html">no-basis-parental-responsibility.codesystem v2.0.17-alpha (CodeSystem)</a>
            </p>
            <p>All codes in this table are from the system 
              <a href="CodeSystem-no-basis-parental-responsibility.codesystem.html">
                <code>http://hl7.no/fhir/CodeSystem/no-basis-parental-responsibility</code>
              </a>
            </p>
            <table class="codes">
              <tr>
                <td style="white-space:nowrap">
                  <b>Code</b>
                </td>
                <td>
                  <b>Display</b>
                </td>
                <td>
                  <b>Definition</b>
                </td>
              </tr>
              <tr>
                <td style="white-space:nowrap">
                  <a name="http---hl7.no-fhir-CodeSystem-no-basis-parental-responsibility-felles"> </a>
                  <a href="CodeSystem-no-basis-parental-responsibility.codesystem.html#no-basis-parental-responsibility.codesystem-felles">felles</a>
                </td>
                <td>Felles</td>
                <td/>
              </tr>
              <tr>
                <td style="white-space:nowrap">
                  <a name="http---hl7.no-fhir-CodeSystem-no-basis-parental-responsibility-mor"> </a>
                  <a href="CodeSystem-no-basis-parental-responsibility.codesystem.html#no-basis-parental-responsibility.codesystem-mor">mor</a>
                </td>
                <td>Mor</td>
                <td/>
              </tr>
              <tr>
                <td style="white-space:nowrap">
                  <a name="http---hl7.no-fhir-CodeSystem-no-basis-parental-responsibility-far"> </a>
                  <a href="CodeSystem-no-basis-parental-responsibility.codesystem.html#no-basis-parental-responsibility.codesystem-far">far</a>
                </td>
                <td>Far</td>
                <td/>
              </tr>
              <tr>
                <td style="white-space:nowrap">
                  <a name="http---hl7.no-fhir-CodeSystem-no-basis-parental-responsibility-medmor"> </a>
                  <a href="CodeSystem-no-basis-parental-responsibility.codesystem.html#no-basis-parental-responsibility.codesystem-medmor">medmor</a>
                </td>
                <td>Medmor</td>
                <td/>
              </tr>
              <tr>
                <td style="white-space:nowrap">
                  <a name="http---hl7.no-fhir-CodeSystem-no-basis-parental-responsibility-andre"> </a>
                  <a href="CodeSystem-no-basis-parental-responsibility.codesystem.html#no-basis-parental-responsibility.codesystem-andre">andre</a>
                </td>
                <td>Andre</td>
                <td/>
              </tr>
              <tr>
                <td style="white-space:nowrap">
                  <a name="http---hl7.no-fhir-CodeSystem-no-basis-parental-responsibility-ukjent"> </a>
                  <a href="CodeSystem-no-basis-parental-responsibility.codesystem.html#no-basis-parental-responsibility.codesystem-ukjent">ukjent</a>
                </td>
                <td>Ukjent</td>
                <td/>
              </tr>
            </table>
          </div>
        </text>
        <url value="http://hl7.no/fhir/ValueSet/no-basis-parental-responsibility"/>
        <version value="2.0.17-alpha"/>
        <name value="NoBasisParentalResponsibility"/>
        <title value="no-basis-parental-responsibility.valueset"/>
        <status value="active"/>
        <experimental value="true"/>
        <date value="2018-10-26T10:48:45.936+00:00"/>
        <publisher value="Direktoratet for e-helse"/>
        <description value="Copy of Codes from Foreldreansvar defined by Skatteetaten"/>
        <jurisdiction>
          <coding>
            <system value="urn:iso:std:iso:3166"/>
            <code value="NO"/>
            <display value="Norway"/>
          </coding>
        </jurisdiction>
        <immutable value="false"/>
        <expansion>
          <identifier value="urn:uuid:daec64d6-024c-4587-a883-35fb7f363c80"/>
          <timestamp value="2021-09-28T18:03:12+00:00"/>
          <total value="6"/>
          <parameter>
            <name value="excludeNested"/>
            <valueBoolean value="false"/>
          </parameter>
          <parameter>
            <name value="version"/>
            <valueUri value="http://hl7.no/fhir/CodeSystem/no-basis-parental-responsibility|2.0.17-alpha"/>
          </parameter>
          <contains>
            <system value="http://hl7.no/fhir/CodeSystem/no-basis-parental-responsibility"/>
            <code value="felles"/>
            <display value="Felles"/>
          </contains>
          <contains>
            <system value="http://hl7.no/fhir/CodeSystem/no-basis-parental-responsibility"/>
            <code value="mor"/>
            <display value="Mor"/>
          </contains>
          <contains>
            <system value="http://hl7.no/fhir/CodeSystem/no-basis-parental-responsibility"/>
            <code value="far"/>
            <display value="Far"/>
          </contains>
          <contains>
            <system value="http://hl7.no/fhir/CodeSystem/no-basis-parental-responsibility"/>
            <code value="medmor"/>
            <display value="Medmor"/>
          </contains>
          <contains>
            <system value="http://hl7.no/fhir/CodeSystem/no-basis-parental-responsibility"/>
            <code value="andre"/>
            <display value="Andre"/>
          </contains>
          <contains>
            <system value="http://hl7.no/fhir/CodeSystem/no-basis-parental-responsibility"/>
            <code value="ukjent"/>
            <display value="Ukjent"/>
          </contains>
        </expansion>
      </ValueSet>
    </resource>
  </entry>
</Bundle>