<?xml version="1.0" encoding="UTF-8"?>

<ImplementationGuide xmlns="http://hl7.org/fhir">
  <id value="hl7.fhir.no.basis"/>
  <text>
    <status value="extensions"/><div xmlns="http://www.w3.org/1999/xhtml"><h2>NoBasis</h2><p>The official URL for this implementation guide is: </p><pre>http://hl7.no/fhir/no-basis/ImplementationGuide/hl7.fhir.no.basis</pre></div>
  </text>
  <url value="http://hl7.no/fhir/no-basis/ImplementationGuide/hl7.fhir.no.basis"/>
  <version value="2.0.17-alpha"/>
  <name value="NoBasis"/>
  <status value="active"/>
  <date value="2021-10-01T17:28:30+00:00"/>
  <jurisdiction>
    <coding>
      <system value="urn:iso:std:iso:3166"/>
      <code value="NO"/>
      <display value="Norway"/>
    </coding>
  </jurisdiction>
  <packageId value="hl7.fhir.no.basis"/>
  <license value="CC0-1.0"/>
  <fhirVersion value="4.0.1"/>
  <definition>
    <extension url="http://hl7.org/fhir/tools/StructureDefinition/ig-parameter">
      <extension url="code">
        <valueString value="copyrightyear"/>
      </extension>
      <extension url="value">
        <valueString value="2021+"/>
      </extension>
    </extension>
    <extension url="http://hl7.org/fhir/tools/StructureDefinition/ig-parameter">
      <extension url="code">
        <valueString value="releaselabel"/>
      </extension>
      <extension url="value">
        <valueString value="ci-build"/>
      </extension>
    </extension>
    <extension url="http://hl7.org/fhir/tools/StructureDefinition/ig-parameter">
      <extension url="code">
        <valueString value="path-liquid"/>
      </extension>
      <extension url="value">
        <valueString value="template/liquid"/>
      </extension>
    </extension>
    <extension url="http://hl7.org/fhir/tools/StructureDefinition/ig-parameter">
      <extension url="code">
        <valueString value="path-liquid"/>
      </extension>
      <extension url="value">
        <valueString value="input/liquid"/>
      </extension>
    </extension>
    <extension url="http://hl7.org/fhir/tools/StructureDefinition/ig-parameter">
      <extension url="code">
        <valueString value="path-qa"/>
      </extension>
      <extension url="value">
        <valueString value="temp/qa"/>
      </extension>
    </extension>
    <extension url="http://hl7.org/fhir/tools/StructureDefinition/ig-parameter">
      <extension url="code">
        <valueString value="path-temp"/>
      </extension>
      <extension url="value">
        <valueString value="temp/pages"/>
      </extension>
    </extension>
    <extension url="http://hl7.org/fhir/tools/StructureDefinition/ig-parameter">
      <extension url="code">
        <valueString value="path-output"/>
      </extension>
      <extension url="value">
        <valueString value="output"/>
      </extension>
    </extension>
    <extension url="http://hl7.org/fhir/tools/StructureDefinition/ig-parameter">
      <extension url="code">
        <valueString value="path-suppressed-warnings"/>
      </extension>
      <extension url="value">
        <valueString value="input/ignoreWarnings.txt"/>
      </extension>
    </extension>
    <extension url="http://hl7.org/fhir/tools/StructureDefinition/ig-parameter">
      <extension url="code">
        <valueString value="path-history"/>
      </extension>
      <extension url="value">
        <valueString value="http://hl7.no/fhir/no-basis/history.html"/>
      </extension>
    </extension>
    <extension url="http://hl7.org/fhir/tools/StructureDefinition/ig-parameter">
      <extension url="code">
        <valueString value="template-html"/>
      </extension>
      <extension url="value">
        <valueString value="template-page.html"/>
      </extension>
    </extension>
    <extension url="http://hl7.org/fhir/tools/StructureDefinition/ig-parameter">
      <extension url="code">
        <valueString value="template-md"/>
      </extension>
      <extension url="value">
        <valueString value="template-page-md.html"/>
      </extension>
    </extension>
    <extension url="http://hl7.org/fhir/tools/StructureDefinition/ig-parameter">
      <extension url="code">
        <valueString value="apply-contact"/>
      </extension>
      <extension url="value">
        <valueString value="true"/>
      </extension>
    </extension>
    <extension url="http://hl7.org/fhir/tools/StructureDefinition/ig-parameter">
      <extension url="code">
        <valueString value="apply-context"/>
      </extension>
      <extension url="value">
        <valueString value="true"/>
      </extension>
    </extension>
    <extension url="http://hl7.org/fhir/tools/StructureDefinition/ig-parameter">
      <extension url="code">
        <valueString value="apply-copyright"/>
      </extension>
      <extension url="value">
        <valueString value="true"/>
      </extension>
    </extension>
    <extension url="http://hl7.org/fhir/tools/StructureDefinition/ig-parameter">
      <extension url="code">
        <valueString value="apply-jurisdiction"/>
      </extension>
      <extension url="value">
        <valueString value="true"/>
      </extension>
    </extension>
    <extension url="http://hl7.org/fhir/tools/StructureDefinition/ig-parameter">
      <extension url="code">
        <valueString value="apply-license"/>
      </extension>
      <extension url="value">
        <valueString value="true"/>
      </extension>
    </extension>
    <extension url="http://hl7.org/fhir/tools/StructureDefinition/ig-parameter">
      <extension url="code">
        <valueString value="apply-publisher"/>
      </extension>
      <extension url="value">
        <valueString value="true"/>
      </extension>
    </extension>
    <extension url="http://hl7.org/fhir/tools/StructureDefinition/ig-parameter">
      <extension url="code">
        <valueString value="apply-version"/>
      </extension>
      <extension url="value">
        <valueString value="true"/>
      </extension>
    </extension>
    <extension url="http://hl7.org/fhir/tools/StructureDefinition/ig-parameter">
      <extension url="code">
        <valueString value="active-tables"/>
      </extension>
      <extension url="value">
        <valueString value="true"/>
      </extension>
    </extension>
    <resource>
      <extension url="http://hl7.org/fhir/tools/StructureDefinition/resource-information">
        <valueString value="StructureDefinition:complex-type"/>
      </extension>
      <reference>
        <reference value="StructureDefinition/no-basis-Address"/>
      </reference>
      <name value="no-basis-Address"/>
      <description value="Basisprofil for Norwegian Address information. Defined by The Norwegian Directorate of eHealth and HL7 Norway. The profile adds Norwegian specific property information, official use of address and further explanation of the use for the data-elements in a Norwegian address. The basis profile is open, but derived profiles should close down the information elements according to specification relevant to the use-case."/>
      <exampleBoolean value="false"/>
    </resource>
    <resource>
      <extension url="http://hl7.org/fhir/tools/StructureDefinition/resource-information">
        <valueString value="StructureDefinition:resource"/>
      </extension>
      <reference>
        <reference value="StructureDefinition/no-basis-Endpoint"/>
      </reference>
      <name value="no-basis-Endpoint"/>
      <description value="Basisprofil for Norwegian Endpoint information. Defined by The Norwegian Directorate of eHealth and HL7 Norway. The profile adds Norwegian specific identification of Endpoing. The basis profile is open, but derived profiles should close down the information elements according to specification relevant to the use-case.&#xA;&#xA;Resource profile for definition of electronic endpoints used by healthcare organizations to communicate using different protocols. The norwegian profile use-case is to represent endpoints for electronic communication. Fallback solutions using mail or fax has to be indexed in the norwegian master index for healthcare organizations and are not described using this profile."/>
      <exampleBoolean value="false"/>
    </resource>
    <resource>
      <extension url="http://hl7.org/fhir/tools/StructureDefinition/resource-information">
        <valueString value="StructureDefinition:resource"/>
      </extension>
      <reference>
        <reference value="StructureDefinition/no-basis-HealthcareService"/>
      </reference>
      <name value="no-basis-HealthcareService"/>
      <description value="Basisprofil for Norwegian Healthcare Service information. Defined by The Norwegian Directorate of eHealth and HL7 Norway. The profile adds Norwegian specific identification of Healthcare Services. The basis profile is open, but derived profiles should close down the information elements according to specification relevant to the use-case.&#xA;&#xA;The typical use-case is to include information regarding what Healthcare related services, support functions or activities provided by an Organization or awailable at a Location."/>
      <exampleBoolean value="false"/>
    </resource>
    <resource>
      <extension url="http://hl7.org/fhir/tools/StructureDefinition/resource-information">
        <valueString value="StructureDefinition:complex-type"/>
      </extension>
      <reference>
        <reference value="StructureDefinition/no-basis-HumanName"/>
      </reference>
      <name value="no-basis-HumanName"/>
      <description value="Basisprofil for Norwegian HumanName. Defined by The Norwegian Directorate of eHealth and HL7 Norway. The profile adds the concept of middlename and further explains of the use for the data-elements in a Norwegian context. The basis profile is open, but derived profiles should close down the information elements according to specification relevant to the use-case."/>
      <exampleBoolean value="false"/>
    </resource>
    <resource>
      <extension url="http://hl7.org/fhir/tools/StructureDefinition/resource-information">
        <valueString value="StructureDefinition:resource"/>
      </extension>
      <reference>
        <reference value="StructureDefinition/no-basis-Location"/>
      </reference>
      <name value="no-basis-Location"/>
      <description value="Basisprofil for Norwegian Location information. Defined by The Norwegian Directorate of eHealth and HL7 Norway. Should be used as a basis for further profiling in use-cases where specific location information is needed. The basis profile is open, but derived profiles should close down the information elements according to specification relevant to the use-case."/>
      <exampleBoolean value="false"/>
    </resource>
    <resource>
      <extension url="http://hl7.org/fhir/tools/StructureDefinition/resource-information">
        <valueString value="StructureDefinition:resource"/>
      </extension>
      <reference>
        <reference value="StructureDefinition/no-basis-Organization"/>
      </reference>
      <name value="no-basis-Organization"/>
      <description value="Basisprofil for Norwegian Organization information. Defined by The Norwegian Directorate of eHealth and HL7 Norway. The basis profile describes information structures typically used for identifying norwegian organizations. Should be used as a basis for further profiling in use-cases where other specific identity information is needed. The basis profile is open, but derived profiles should close down the information elements according to specification relevant to the use-case."/>
      <exampleBoolean value="false"/>
    </resource>
    <resource>
      <extension url="http://hl7.org/fhir/tools/StructureDefinition/resource-information">
        <valueString value="StructureDefinition:resource"/>
      </extension>
      <reference>
        <reference value="StructureDefinition/no-basis-Patient"/>
      </reference>
      <name value="no-basis-Patient"/>
      <description value="Basisprofil for Norwegian Patient information. Defined by The Norwegian Directorate of eHealth and HL7 Norway. Should be used as a basis for further profiling in use-cases where specific identity information is needed. The basis profile is open, but derived profiles should close down the information elements according to specification relevant to the use-case."/>
      <exampleBoolean value="false"/>
    </resource>
    <resource>
      <extension url="http://hl7.org/fhir/tools/StructureDefinition/resource-information">
        <valueString value="StructureDefinition:resource"/>
      </extension>
      <reference>
        <reference value="StructureDefinition/no-basis-Person"/>
      </reference>
      <name value="no-basis-Person"/>
      <description value="Basisprofil for Norwegian Person information. Defined by The Norwegian Directorate of eHealth and HL7 Norway. Should be used as a basis for further profiling in use-cases where specific identity information is needed. The basis profile is open, but derived profiles should close down the information elements according to specification relevant to the use-case.&#xA;&#xA;The no-basis-Person resource main use-case is with regards to information describing persons that are living in Norway. The information is typically available from the Norwegian &quot;folkeregister&quot; and contains information describing all Norweigan citizens and individuals working and living in Norway."/>
      <exampleBoolean value="false"/>
    </resource>
    <resource>
      <extension url="http://hl7.org/fhir/tools/StructureDefinition/resource-information">
        <valueString value="StructureDefinition:resource"/>
      </extension>
      <reference>
        <reference value="StructureDefinition/no-basis-Practitioner"/>
      </reference>
      <name value="no-basis-Practitioner"/>
      <description value="Basisprofil for Norwegian Practitioner information. Defined by The Norwegian Directorate of eHealth and HL7 Norway. Should be used as a basis for further profiling in use-cases where specific identity information is needed. The basis profile is open, but derived profiles should close down the information elements according to specification relevant to the use-case.&#xA;&#xA;2019-03 - The no-basis-Practitioner resource main use-case is to represent the actual Practitioner, e.g. a person. The resource can include information about how to identify the practitioner in addition to the practitioner&#39;s education, qualifications and speciality. The resource can also include approvals and other centrally registered capabilities recorded for the practitioner."/>
      <exampleBoolean value="false"/>
    </resource>
    <resource>
      <extension url="http://hl7.org/fhir/tools/StructureDefinition/resource-information">
        <valueString value="StructureDefinition:resource"/>
      </extension>
      <reference>
        <reference value="StructureDefinition/no-basis-PractitionerRole"/>
      </reference>
      <name value="no-basis-PractitionerRole"/>
      <description value="Basisprofil for Norwegian PractitionerRole information. Defined by The Norwegian Directorate of eHealth and HL7 Norway. Should be used as a basis for further profiling in use-cases where specific role information is available. The basis profile is open, but derived profiles should close down the information elements according to specifications relevant to the use-case.&#xA;&#xA;The main use-case of no-basis-PractitionerRole is to represent the role or function of a Practitioner wihtin an organization. The resource can include information about services performed by a Practitioner, a location where the practitioner performes the functions as well as information about the nature of the employment at an organization."/>
      <exampleBoolean value="false"/>
    </resource>
    <resource>
      <extension url="http://hl7.org/fhir/tools/StructureDefinition/resource-information">
        <valueString value="StructureDefinition:resource"/>
      </extension>
      <reference>
        <reference value="StructureDefinition/no-basis-RelatedPerson"/>
      </reference>
      <name value="no-basis-RelatedPerson"/>
      <description value="Basisprofil for Norwegian RelatedPerson information. Defined by The Norwegian Directorate of eHealth and HL7 Norway. Should be used as a basis for further profiling in use-cases where specific identity information is needed. The basis profile is open, but derived profiles should close down the information elements according to specification relevant to the use-case.&#xA;&#xA;Typical use-case for no-basis-RelatedPerson involves information about relations person-patient.&#xA;- Relations registered in norwegian Master Person Information Index (aka Folkeregisteret)&#xA;- Other relationship information registered on a patient or person neccessary for patient treatment&#xA;- Should not be used for contact persons for the patient with a predefined role in the patient care, as information as this is registered separately in the Patient resource"/>
      <exampleBoolean value="false"/>
    </resource>
    <resource>
      <extension url="http://hl7.org/fhir/tools/StructureDefinition/resource-information">
        <valueString value="StructureDefinition:extension"/>
      </extension>
      <reference>
        <reference value="StructureDefinition/no-basis-address-official"/>
      </reference>
      <name value="no-basis-address-official"/>
      <description value="Defines the concept of an officialy registered address in Norway. Usually this will be the adress registered in &quot;Folkeregisteret&quot; for persons or &quot;Enhetsregisteret&quot; for organizations."/>
      <exampleBoolean value="false"/>
    </resource>
    <resource>
      <extension url="http://hl7.org/fhir/tools/StructureDefinition/resource-information">
        <valueString value="StructureDefinition:extension"/>
      </extension>
      <reference>
        <reference value="StructureDefinition/no-basis-middlename"/>
      </reference>
      <name value="no-basis-middlename"/>
      <description value="The basis extension defines the Norwegian middlename wich is called &quot;mellomnavn&quot; and defined by Norwegian legislation (Lov om personnavn)."/>
      <exampleBoolean value="false"/>
    </resource>
    <resource>
      <extension url="http://hl7.org/fhir/tools/StructureDefinition/resource-information">
        <valueString value="StructureDefinition:extension"/>
      </extension>
      <reference>
        <reference value="StructureDefinition/no-basis-municipalitycode"/>
      </reference>
      <name value="no-basis-municipalitycode"/>
      <description value="Coded value for municipality/county Norwegian kommune"/>
      <exampleBoolean value="false"/>
    </resource>
    <resource>
      <extension url="http://hl7.org/fhir/tools/StructureDefinition/resource-information">
        <valueString value="StructureDefinition:extension"/>
      </extension>
      <reference>
        <reference value="StructureDefinition/no-basis-person-citizenship"/>
      </reference>
      <name value="no-basis-person-citizenship"/>
      <description value="The Person&#39;s legal status as citizen of a country."/>
      <exampleBoolean value="false"/>
    </resource>
    <resource>
      <extension url="http://hl7.org/fhir/tools/StructureDefinition/resource-information">
        <valueString value="StructureDefinition:extension"/>
      </extension>
      <reference>
        <reference value="StructureDefinition/no-basis-prescriptiongroup"/>
      </reference>
      <name value="no-basis-prescriptiongroup"/>
      <description value="Part of norwegian standard for describing a prescription."/>
      <exampleBoolean value="false"/>
    </resource>
    <resource>
      <extension url="http://hl7.org/fhir/tools/StructureDefinition/resource-information">
        <valueString value="StructureDefinition:extension"/>
      </extension>
      <reference>
        <reference value="StructureDefinition/no-basis-propertyinformation"/>
      </reference>
      <name value="no-basis-propertyinformation"/>
      <description value="This basis extension describes information identifying norwegian real property."/>
      <exampleBoolean value="false"/>
    </resource>
    <resource>
      <extension url="http://hl7.org/fhir/tools/StructureDefinition/resource-information">
        <valueString value="StructureDefinition:extension"/>
      </extension>
      <reference>
        <reference value="StructureDefinition/no-basis-relatedperson-person-reference"/>
      </reference>
      <name value="NoBasisRelatedpersonPersonReference"/>
      <description value="If a person reference is needed in RelatedPerson.patient element, this optional extension should be used."/>
      <exampleBoolean value="false"/>
    </resource>
    <resource>
      <extension url="http://hl7.org/fhir/tools/StructureDefinition/resource-information">
        <valueString value="StructureDefinition:extension"/>
      </extension>
      <reference>
        <reference value="StructureDefinition/no-basis-sourceofinformation"/>
      </reference>
      <name value="no-basis-sourceofinformation"/>
      <description value="Part of norwegian KI standard."/>
      <exampleBoolean value="false"/>
    </resource>
    <resource>
      <extension url="http://hl7.org/fhir/tools/StructureDefinition/resource-information">
        <valueString value="StructureDefinition:extension"/>
      </extension>
      <reference>
        <reference value="StructureDefinition/no-basis-urban-district"/>
      </reference>
      <name value="no-basis-urban-district"/>
      <description value="Simple extension containing information about what part of a norwegian city the patient is a resident. Administrative purpose."/>
      <exampleBoolean value="false"/>
    </resource>
    <resource>
      <extension url="http://hl7.org/fhir/tools/StructureDefinition/resource-information">
        <valueString value="ValueSet"/>
      </extension>
      <reference>
        <reference value="ValueSet/no-basis-connection-type.valueset"/>
      </reference>
      <name value="no-basis-connection-type.valueset"/>
      <description value="ValueSet for connection types used in Endpoint definition. Includes all Norwegian specific types (no-basis-connection-type) and the extensible HL7 CodeSystem for connection-type"/>
      <exampleBoolean value="false"/>
    </resource>
    <resource>
      <extension url="http://hl7.org/fhir/tools/StructureDefinition/resource-information">
        <valueString value="ValueSet"/>
      </extension>
      <reference>
        <reference value="ValueSet/no-basis-documentreference-type.valueset"/>
      </reference>
      <name value="no-basis-documentreference-type.valueset"/>
      <exampleBoolean value="false"/>
    </resource>
    <resource>
      <extension url="http://hl7.org/fhir/tools/StructureDefinition/resource-information">
        <valueString value="ValueSet"/>
      </extension>
      <reference>
        <reference value="ValueSet/no-basis-family-relation.valueset"/>
      </reference>
      <name value="no-basis-family-relation.valueset"/>
      <description value="Copy of Codes from Familierelasjon defined by Skatteetaten"/>
      <exampleBoolean value="false"/>
    </resource>
    <resource>
      <extension url="http://hl7.org/fhir/tools/StructureDefinition/resource-information">
        <valueString value="ValueSet"/>
      </extension>
      <reference>
        <reference value="ValueSet/no-basis-marital-status.valueset"/>
      </reference>
      <name value="no-basis-marital-status.valueset"/>
      <description value="Copy of Codes from Sivilstandstype defined by Skatteetaten"/>
      <exampleBoolean value="false"/>
    </resource>
    <resource>
      <extension url="http://hl7.org/fhir/tools/StructureDefinition/resource-information">
        <valueString value="ValueSet"/>
      </extension>
      <reference>
        <reference value="ValueSet/no-basis-parental-responsibility.valueset"/>
      </reference>
      <name value="no-basis-parental-responsibility.valueset"/>
      <description value="Copy of Codes from Foreldreansvar defined by Skatteetaten"/>
      <exampleBoolean value="false"/>
    </resource>
    <resource>
      <extension url="http://hl7.org/fhir/tools/StructureDefinition/resource-information">
        <valueString value="ValueSet"/>
      </extension>
      <reference>
        <reference value="ValueSet/no-basis-service-type.valueset"/>
      </reference>
      <name value="no-basis-service-type.valueset"/>
      <description value="ValueSet including all codes for service type (tjenestetype) allowed in the Adressergister"/>
      <exampleBoolean value="false"/>
    </resource>
    <resource>
      <extension url="http://hl7.org/fhir/tools/StructureDefinition/resource-information">
        <valueString value="CodeSystem"/>
      </extension>
      <reference>
        <reference value="CodeSystem/no-basis-connection-type.codesystem"/>
      </reference>
      <name value="no-basis-connection-type.codesystem"/>
      <description value="Codes to describe Norwegian message based communication protocols."/>
      <exampleBoolean value="false"/>
    </resource>
    <resource>
      <extension url="http://hl7.org/fhir/tools/StructureDefinition/resource-information">
        <valueString value="CodeSystem"/>
      </extension>
      <reference>
        <reference value="CodeSystem/no-basis-family-relation.codesystem"/>
      </reference>
      <name value="no-basis-family-relation.codesystem"/>
      <description value="Copy of Codes from Familierelasjon defined by Skatteetaten"/>
      <exampleBoolean value="false"/>
    </resource>
    <resource>
      <extension url="http://hl7.org/fhir/tools/StructureDefinition/resource-information">
        <valueString value="CodeSystem"/>
      </extension>
      <reference>
        <reference value="CodeSystem/no-basis-marital-status.codesystem"/>
      </reference>
      <name value="no-basis-marital-status.codesystem"/>
      <description value="Copy of Codes from Sivilstandstype defined by Skatteetaten"/>
      <exampleBoolean value="false"/>
    </resource>
    <resource>
      <extension url="http://hl7.org/fhir/tools/StructureDefinition/resource-information">
        <valueString value="CodeSystem"/>
      </extension>
      <reference>
        <reference value="CodeSystem/no-basis-parental-responsibility.codesystem"/>
      </reference>
      <name value="no-basis-parental-responsibility.codesystem"/>
      <description value="Copy of Codes from Foreldreansvar defined by Skatteetaten"/>
      <exampleBoolean value="false"/>
    </resource>
    <resource>
      <extension url="http://hl7.org/fhir/tools/StructureDefinition/resource-information">
        <valueString value="Organization"/>
      </extension>
      <reference>
        <reference value="Organization/Direktoratet-for-eHelse-Organization"/>
      </reference>
      <name value="Direktoratet-for-eHelse-Organization"/>
      <exampleCanonical value="http://hl7.no/fhir/no-basis/StructureDefinition/no-basis-Organization"/>
    </resource>
    <resource>
      <extension url="http://hl7.org/fhir/tools/StructureDefinition/resource-information">
        <valueString value="Patient"/>
      </extension>
      <reference>
        <reference value="Patient/EspenEksempel"/>
      </reference>
      <name value="EspenEksempel"/>
      <exampleCanonical value="http://hl7.no/fhir/no-basis/StructureDefinition/no-basis-Patient"/>
    </resource>
    <resource>
      <extension url="http://hl7.org/fhir/tools/StructureDefinition/resource-information">
        <valueString value="Patient"/>
      </extension>
      <reference>
        <reference value="Patient/JanniceSoreng"/>
      </reference>
      <name value="JanniceSoreng"/>
      <exampleCanonical value="http://hl7.no/fhir/no-basis/StructureDefinition/no-basis-Patient"/>
    </resource>
    <resource>
      <extension url="http://hl7.org/fhir/tools/StructureDefinition/resource-information">
        <valueString value="Patient"/>
      </extension>
      <reference>
        <reference value="Patient/JanniceSorengTo"/>
      </reference>
      <name value="JanniceSorengTo"/>
      <exampleCanonical value="http://hl7.no/fhir/no-basis/StructureDefinition/no-basis-Patient"/>
    </resource>
    <resource>
      <extension url="http://hl7.org/fhir/tools/StructureDefinition/resource-information">
        <valueString value="Practitioner"/>
      </extension>
      <reference>
        <reference value="Practitioner/Magnar-Komann-Practitioner"/>
      </reference>
      <name value="Magnar-Komann-Practitioner"/>
      <exampleCanonical value="http://hl7.no/fhir/no-basis/StructureDefinition/no-basis-Practitioner"/>
    </resource>
    <resource>
      <extension url="http://hl7.org/fhir/tools/StructureDefinition/resource-information">
        <valueString value="RelatedPerson"/>
      </extension>
      <reference>
        <reference value="RelatedPerson/Solid-Aresdoktor-RelatedPerson"/>
      </reference>
      <name value="Solid-Aresdoktor-RelatedPerson"/>
      <exampleCanonical value="http://hl7.no/fhir/no-basis/StructureDefinition/no-basis-RelatedPerson"/>
    </resource>
    <resource>
      <extension url="http://hl7.org/fhir/tools/StructureDefinition/resource-information">
        <valueString value="RelatedPerson"/>
      </extension>
      <reference>
        <reference value="RelatedPerson/Sorgard-Erlend-RelatedPerson"/>
      </reference>
      <name value="Sorgard-Erlend-RelatedPerson"/>
      <exampleCanonical value="http://hl7.no/fhir/no-basis/StructureDefinition/no-basis-RelatedPerson"/>
    </resource>
    <resource>
      <extension url="http://hl7.org/fhir/tools/StructureDefinition/resource-information">
        <valueString value="NamingSystem"/>
      </extension>
      <reference>
        <reference value="NamingSystem/no-basis-bydelsnummer"/>
      </reference>
      <name value="no-basis-bydelsnummer"/>
      <description value="Nummerering av kommuner i henhold til SSB sin offisielle liste. Inneholder fremtidige, gyldige og utgåtte kommunenummer."/>
      <exampleBoolean value="false"/>
    </resource>
    <resource>
      <extension url="http://hl7.org/fhir/tools/StructureDefinition/resource-information">
        <valueString value="NamingSystem"/>
      </extension>
      <reference>
        <reference value="NamingSystem/no-basis-dnummer"/>
      </reference>
      <name value="no-basis-dnummer"/>
      <description value="Personidentifikator for personer som ikke har fødselsnummer og som ikke skal registreres som bosatt i Norge. The D-nummer of the patient. (assigned by the norwegian Skatteetaten)"/>
      <exampleBoolean value="false"/>
    </resource>
    <resource>
      <extension url="http://hl7.org/fhir/tools/StructureDefinition/resource-information">
        <valueString value="NamingSystem"/>
      </extension>
      <reference>
        <reference value="NamingSystem/no-basis-dufnummer"/>
      </reference>
      <name value="no-basis-dufnummer"/>
      <description value="Et DUF-nummer er et tolvsifret nummer som blir gitt til alle som søker om opphold i Norge."/>
      <exampleBoolean value="false"/>
    </resource>
    <resource>
      <extension url="http://hl7.org/fhir/tools/StructureDefinition/resource-information">
        <valueString value="NamingSystem"/>
      </extension>
      <reference>
        <reference value="NamingSystem/no-basis-felleshjelpenummer"/>
      </reference>
      <name value="no-basis-felleshjelpenummer"/>
      <description value="Felles hjelpenummer is one possible patient identification number administered by Norsk Helsenett. The norwegian felles hjelpenummer is a 11-digit number containing two control digits. The number shoud only be used when the Fødselsnummer and D-number is unknown."/>
      <exampleBoolean value="false"/>
    </resource>
    <resource>
      <extension url="http://hl7.org/fhir/tools/StructureDefinition/resource-information">
        <valueString value="NamingSystem"/>
      </extension>
      <reference>
        <reference value="NamingSystem/no-basis-foedselsnummer"/>
      </reference>
      <name value="no-basis-foedselsnummer"/>
      <description value="Fødselsnummer is the official identification of a Norwegian citizen and is registered in the repository called folkeregisteret. Fødselsnummer is a 11-digit number containing 2 control digits."/>
      <exampleBoolean value="false"/>
    </resource>
    <resource>
      <extension url="http://hl7.org/fhir/tools/StructureDefinition/resource-information">
        <valueString value="NamingSystem"/>
      </extension>
      <reference>
        <reference value="NamingSystem/no-basis-helsepersonellnummer"/>
      </reference>
      <name value="no-basis-helsepersonellnummer"/>
      <description value="In Norway all registered health care personnel is registered in the Helsepersonellregister (HPR) and is assigned a HPR-number that is used to identify the health care practitioner. Health care personnel not registered in HPR can use FNR for identification."/>
      <exampleBoolean value="false"/>
    </resource>
    <resource>
      <extension url="http://hl7.org/fhir/tools/StructureDefinition/resource-information">
        <valueString value="NamingSystem"/>
      </extension>
      <reference>
        <reference value="NamingSystem/no-basis-kommunenummer"/>
      </reference>
      <name value="no-basis-kommunenummer"/>
      <description value="Nummerering av kommuner i henhold til SSB sin offisielle liste. Inneholder fremtidige, gyldige og utgåtte kommunenummer."/>
      <exampleBoolean value="false"/>
    </resource>
    <resource>
      <extension url="http://hl7.org/fhir/tools/StructureDefinition/resource-information">
        <valueString value="SearchParameter"/>
      </extension>
      <reference>
        <reference value="SearchParameter/no-basis-middlename"/>
      </reference>
      <name value="no-basis-middlename"/>
      <description value="SearchParameter for the Norwegian middlename extension http://hl7.no/fhir/StructureDefinition/no-basis-middlename"/>
      <exampleBoolean value="false"/>
    </resource>
    <page>
      <nameUrl value="toc.html"/>
      <title value="Table of Contents"/>
      <generation value="html"/>
      <page>
        <nameUrl value="index.html"/>
        <title value="Home"/>
        <generation value="markdown"/>
      </page>
      <page>
        <nameUrl value="Changelog-STU3.html"/>
        <title value="Changelog STU 3"/>
        <generation value="markdown"/>
      </page>
      <page>
        <nameUrl value="Datatypes.html"/>
        <title value="Datatypes"/>
        <generation value="markdown"/>
      </page>
    </page>
    <parameter>
      <code value="path-resource"/>
      <value value="input/capabilities"/>
    </parameter>
    <parameter>
      <code value="path-resource"/>
      <value value="input/examples"/>
    </parameter>
    <parameter>
      <code value="path-resource"/>
      <value value="input/extensions"/>
    </parameter>
    <parameter>
      <code value="path-resource"/>
      <value value="input/models"/>
    </parameter>
    <parameter>
      <code value="path-resource"/>
      <value value="input/operations"/>
    </parameter>
    <parameter>
      <code value="path-resource"/>
      <value value="input/profiles"/>
    </parameter>
    <parameter>
      <code value="path-resource"/>
      <value value="input/resources"/>
    </parameter>
    <parameter>
      <code value="path-resource"/>
      <value value="input/vocabulary"/>
    </parameter>
    <parameter>
      <code value="path-resource"/>
      <value value="input/maps"/>
    </parameter>
    <parameter>
      <code value="path-resource"/>
      <value value="input/testing"/>
    </parameter>
    <parameter>
      <code value="path-resource"/>
      <value value="input/history"/>
    </parameter>
    <parameter>
      <code value="path-resource"/>
      <value value="fsh-generated/resources"/>
    </parameter>
    <parameter>
      <code value="path-pages"/>
      <value value="template/config"/>
    </parameter>
    <parameter>
      <code value="path-pages"/>
      <value value="input/images"/>
    </parameter>
    <parameter>
      <code value="path-tx-cache"/>
      <value value="input-cache/txcache"/>
    </parameter>
  </definition>
</ImplementationGuide>