{
  "resourceType": "Patient",
  "id": "JanniceSorengTo",
  "meta": {
    "profile": [
      "http://hl7.no/fhir/no-basis/StructureDefinition/no-basis-Patient"
    ]
  },
  "text": {
    "status": "extensions",
    "div": "<div xmlns=\"http://www.w3.org/1999/xhtml\"><p><b>Generated Narrative</b></p><blockquote><p><b>citizenship</b></p><p><b>value</b>: <span title=\"Codes: {urn:iso:std:iso:3166 NO}\">Norway</span></p></blockquote><p><b>identifier</b>: id: 21030550231, id: 123</p><p><b>name</b>: Jannice SørengTo </p><p><b>telecom</b>: <a href=\"tel:+4733445566\">+4733445566</a></p><p><b>gender</b>: female</p><p><b>address</b>: Karisvingen 44 Oslo 0603 NO (HOME)</p><p><b>maritalStatus</b>: <span title=\"Codes: {http://terminology.hl7.org/CodeSystem/v3-MaritalStatus U}\">unmarried</span></p><h3>Contacts</h3><table class=\"grid\"><tr><td>-</td><td><b>Relationship</b></td><td><b>Name</b></td></tr><tr><td>*</td><td><span title=\"Codes: {http://terminology.hl7.org/CodeSystem/v2-0131 C}\">Emergency Contact</span>, <span title=\"Codes: \">Bror</span></td><td>Pål Pårørende Olsen</td></tr></table><h3>Communications</h3><table class=\"grid\"><tr><td>-</td><td><b>Language</b></td></tr><tr><td>*</td><td><span title=\"Codes: \">Norsk</span></td></tr></table><p><b>generalPractitioner</b>: <span>SIDSEL AASE JAVERY</span></p></div>"
  },
  "extension": [
    {
      "extension": [
        {
          "url": "code",
          "valueCodeableConcept": {
            "coding": [
              {
                "system": "urn:iso:std:iso:3166",
                "code": "NO"
              }
            ]
          }
        }
      ],
      "url": "http://hl7.org/fhir/StructureDefinition/patient-citizenship"
    }
  ],
  "identifier": [
    {
      "system": "urn:oid:2.16.578.1.12.4.1.4.1",
      "value": "21030550231"
    },
    {
      "system": "http://profil.visma.no/lopenummer",
      "value": "123"
    }
  ],
  "name": [
    {
      "family": "SørengTo",
      "given": [
        "Jannice"
      ]
    }
  ],
  "telecom": [
    {
      "system": "phone",
      "value": "+4733445566",
      "use": "home"
    }
  ],
  "gender": "female",
  "address": [
    {
      "extension": [
        {
          "extension": [
            {
              "url": "municipality",
              "valueCoding": {
                "system": "urn:oid:2.16.578.1.12.4.1.1.3402",
                "code": "0301",
                "display": "Oslo"
              }
            }
          ],
          "url": "http://hl7.no/fhir/no-basis/StructureDefinition/no-basis-propertyinformation"
        },
        {
          "url": "http://hl7.no/fhir/no-basis/StructureDefinition/no-basis-address-official",
          "valueBoolean": true
        }
      ],
      "use": "home",
      "line": [
        "Karisvingen 44"
      ],
      "city": "Oslo",
      "district": "Oslo",
      "_district": {
        "extension": [
          {
            "url": "http://hl7.no/fhir/StructureDefinition/no-basis-municipalitycode",
            "valueCoding": {
              "system": "https://register.geonorge.no/subregister/sosi-kodelister/kartverket/kommunenummer-alle",
              "code": "0301"
            }
          }
        ]
      },
      "postalCode": "0603",
      "country": "NO"
    }
  ],
  "maritalStatus": {
    "coding": [
      {
        "system": "http://terminology.hl7.org/CodeSystem/v3-MaritalStatus",
        "code": "U",
        "display": "unmarried"
      }
    ]
  },
  "contact": [
    {
      "relationship": [
        {
          "coding": [
            {
              "system": "http://terminology.hl7.org/CodeSystem/v2-0131",
              "code": "C",
              "display": "Emergency Contact"
            }
          ]
        },
        {
          "text": "Bror"
        }
      ],
      "name": {
        "extension": [
          {
            "url": "http://hl7.no/fhir/StructureDefinition/no-basis-middlename",
            "valueString": "Pårørende"
          }
        ],
        "text": "Pål Pårørende Olsen",
        "family": "Olsen",
        "given": [
          "Pål"
        ]
      }
    }
  ],
  "communication": [
    {
      "language": {
        "text": "Norsk"
      }
    }
  ],
  "generalPractitioner": [
    {
      "identifier": {
        "system": "urn:oid:2.16.578.1.12.4.1.2",
        "value": "720"
      },
      "display": "SIDSEL AASE JAVERY"
    }
  ]
}