{
  "resourceType": "RelatedPerson",
  "id": "Solid-Aresdoktor-RelatedPerson",
  "meta": {
    "profile": [
      "http://hl7.no/fhir/StructureDefinition/no-basis-RelatedPerson"
    ]
  },
  "text": {
    "status": "generated",
    "div": "<div xmlns=\"http://www.w3.org/1999/xhtml\"><p><b>Generated Narrative</b></p><p><b>identifier</b>: id: 15080050515</p><p><b>patient</b>: <span></span></p><p><b>relationship</b>: <span title=\"Codes: {http://hl7.no/fhir/CodeSystem/no-basis-family-relation far}\">Far</span>, <span title=\"Codes: {http://hl7.no/fhir/CodeSystem/no-basis-parental-responsibility far}\">Far</span></p><p><b>name</b>: SOLID ÆRESDOKTOR </p><p><b>address</b>: Nyhaugveien 3 BERGEN 5067 NO (HOME)</p></div>"
  },
  "identifier": [
    {
      "system": "urn:oid:2.16.578.1.12.4.1.4.1",
      "value": "15080050515"
    }
  ],
  "patient": {
    "identifier": {
      "system": "urn:oid:2.16.578.1.12.4.1.4.1",
      "value": "04021950128"
    }
  },
  "relationship": [
    {
      "coding": [
        {
          "system": "http://hl7.no/fhir/CodeSystem/no-basis-family-relation",
          "code": "far"
        }
      ]
    },
    {
      "coding": [
        {
          "system": "http://hl7.no/fhir/CodeSystem/no-basis-parental-responsibility",
          "code": "far"
        }
      ]
    }
  ],
  "name": [
    {
      "extension": [
        {
          "url": "http://hl7.no/fhir/StructureDefinition/no-basis-middlename",
          "valueString": "SKIKKELIG"
        }
      ],
      "family": "ÆRESDOKTOR",
      "given": [
        "SOLID"
      ]
    }
  ],
  "address": [
    {
      "extension": [
        {
          "extension": [
            {
              "url": "cadastralUnitNumber",
              "valueInteger": 15
            },
            {
              "url": "propertyUnitNumber",
              "valueInteger": 557
            },
            {
              "url": "municipality",
              "valueCoding": {
                "system": "urn:oid:2.16.578.1.12.4.1.1.3402",
                "code": "1201",
                "display": "Bergen"
              }
            }
          ],
          "url": "http://hl7.no/fhir/StructureDefinition/no-basis-propertyinformation"
        },
        {
          "url": "http://hl7.no/fhir/StructureDefinition/no-basis-address-official",
          "valueBoolean": true
        }
      ],
      "use": "home",
      "line": [
        "Nyhaugveien 3"
      ],
      "city": "BERGEN",
      "district": "BERGEN",
      "postalCode": "5067",
      "country": "NO"
    }
  ]
}