{
  "resourceType": "SearchParameter",
  "id": "no-basis-middlename",
  "text": {
    "status": "generated",
    "div": "<div xmlns=\"http://www.w3.org/1999/xhtml\"><p><b>Generated Narrative</b></p><p><b>url</b>: <code>http://hl7.no/fhir/SearchParameter/no-basis-middlename</code></p><p><b>version</b>: 2.0.17-alpha</p><p><b>name</b>: NoBasisMiddlename</p><p><b>status</b>: active</p><p><b>date</b>: Oct 1, 2021, 5:05:15 PM</p><p><b>description</b>: SearchParameter for the Norwegian middlename extension http://hl7.no/fhir/StructureDefinition/no-basis-middlename</p><p><b>jurisdiction</b>: <span title=\"Codes: {urn:iso:std:iso:3166 NO}\">Norway</span></p><p><b>code</b>: middlename</p><p><b>base</b>: Patient, Practitioner, Person</p><p><b>type</b>: string</p><p><b>expression</b>: Patient.name.extension.where(url='http://hl7.no/fhir/StructureDefinition/no-basis-middlename').value | Practitioner.name.extension.where(url='http://hl7.no/fhir/StructureDefinition/no-basis-middlename').value | Person.name.extension.where(url='http://hl7.no/fhir/StructureDefinition/no-basis-middlename').value</p><p><b>xpath</b>: f:Patient/f:name/f:extension[@url='http://hl7.no/fhir/StructureDefinition/no-basis-middlename'] | f:Practitioner/f:name/f:extension[@url='http://hl7.no/fhir/StructureDefinition/no-basis-middlename'] | f:Person/f:name/f:extension[@url='http://hl7.no/fhir/StructureDefinition/no-basis-middlename']</p><p><b>xpathUsage</b>: normal</p><p><b>multipleOr</b>: true</p><p><b>multipleAnd</b>: true</p><p><b>modifier</b>: missing, exact, contains</p></div>"
  },
  "url": "http://hl7.no/fhir/SearchParameter/no-basis-middlename",
  "version": "2.0.17-alpha",
  "name": "NoBasisMiddlename",
  "status": "active",
  "date": "2021-10-01T17:05:15+00:00",
  "description": "SearchParameter for the Norwegian middlename extension http://hl7.no/fhir/StructureDefinition/no-basis-middlename",
  "jurisdiction": [
    {
      "coding": [
        {
          "system": "urn:iso:std:iso:3166",
          "code": "NO",
          "display": "Norway"
        }
      ]
    }
  ],
  "code": "middlename",
  "base": [
    "Patient",
    "Practitioner",
    "Person"
  ],
  "type": "string",
  "expression": "Patient.name.extension.where(url='http://hl7.no/fhir/StructureDefinition/no-basis-middlename').value | Practitioner.name.extension.where(url='http://hl7.no/fhir/StructureDefinition/no-basis-middlename').value | Person.name.extension.where(url='http://hl7.no/fhir/StructureDefinition/no-basis-middlename').value",
  "xpath": "f:Patient/f:name/f:extension[@url='http://hl7.no/fhir/StructureDefinition/no-basis-middlename'] | f:Practitioner/f:name/f:extension[@url='http://hl7.no/fhir/StructureDefinition/no-basis-middlename'] | f:Person/f:name/f:extension[@url='http://hl7.no/fhir/StructureDefinition/no-basis-middlename']",
  "xpathUsage": "normal",
  "multipleOr": true,
  "multipleAnd": true,
  "modifier": [
    "missing",
    "exact",
    "contains"
  ]
}