{
  "package": "hl7.fhir.no.basis",
  "version": "2.0.17-alpha",
  "fhirVersion": "4.0.1",
  "jurisdiction": "NO",
  "extensions": [
    {
      "url": "http://ehelse.no/fhir/StructureDefinition/no-basis-relatedperson-person-reference",
      "title": "NoBasisRelatedpersonPersonReference",
      "types": [
        "Reference"
      ]
    },
    {
      "url": "http://hl7.no/fhir/no-basis/StructureDefinition/no-basis-address-official",
      "title": "no-basis-address-official",
      "types": [
        "boolean"
      ]
    },
    {
      "url": "http://hl7.no/fhir/no-basis/StructureDefinition/no-basis-middlename",
      "title": "no-basis-middlename",
      "types": [
        "string"
      ]
    },
    {
      "url": "http://hl7.no/fhir/no-basis/StructureDefinition/no-basis-municipalitycode",
      "title": "no-basis-municipalitycode",
      "types": [
        "Coding",
        "string",
        "Extension",
        "uri",
        "string",
        "code",
        "string",
        "boolean"
      ]
    },
    {
      "url": "http://hl7.no/fhir/no-basis/StructureDefinition/no-basis-person-citizenship",
      "title": "no-basis-person-citizenship",
      "types": [
        "CodeableConcept",
        "Period",
        "base64Binary",
        "boolean",
        "canonical",
        "code",
        "date",
        "dateTime",
        "decimal",
        "id",
        "instant",
        "integer",
        "markdown",
        "oid",
        "positiveInt",
        "string",
        "time",
        "unsignedInt",
        "uri",
        "url",
        "uuid",
        "Address",
        "Age",
        "Annotation",
        "Attachment",
        "CodeableConcept",
        "Coding",
        "ContactPoint",
        "Count",
        "Distance",
        "Duration",
        "HumanName",
        "Identifier",
        "Money",
        "Period",
        "Quantity",
        "Range",
        "Ratio",
        "Reference",
        "SampledData",
        "Signature",
        "Timing",
        "ContactDetail",
        "Contributor",
        "DataRequirement",
        "Expression",
        "ParameterDefinition",
        "RelatedArtifact",
        "TriggerDefinition",
        "UsageContext",
        "Dosage",
        "Meta"
      ]
    },
    {
      "url": "http://hl7.no/fhir/no-basis/StructureDefinition/no-basis-prescriptiongroup",
      "title": "no-basis-prescriptiongroup",
      "types": [
        "CodeableConcept",
        "string",
        "Extension",
        "Coding",
        "string",
        "Extension",
        "uri",
        "string",
        "code",
        "string",
        "boolean",
        "string",
        "base64Binary",
        "boolean",
        "canonical",
        "code",
        "date",
        "dateTime",
        "decimal",
        "id",
        "instant",
        "integer",
        "markdown",
        "oid",
        "positiveInt",
        "string",
        "time",
        "unsignedInt",
        "uri",
        "url",
        "uuid",
        "Address",
        "Age",
        "Annotation",
        "Attachment",
        "CodeableConcept",
        "Coding",
        "ContactPoint",
        "Count",
        "Distance",
        "Duration",
        "HumanName",
        "Identifier",
        "Money",
        "Period",
        "Quantity",
        "Range",
        "Ratio",
        "Reference",
        "SampledData",
        "Signature",
        "Timing",
        "ContactDetail",
        "Contributor",
        "DataRequirement",
        "Expression",
        "ParameterDefinition",
        "RelatedArtifact",
        "TriggerDefinition",
        "UsageContext",
        "Dosage",
        "Meta"
      ]
    },
    {
      "url": "http://hl7.no/fhir/no-basis/StructureDefinition/no-basis-propertyinformation",
      "title": "no-basis-propertyinformation",
      "types": [
        "integer",
        "integer",
        "integer",
        "integer",
        "Coding",
        "base64Binary",
        "boolean",
        "canonical",
        "code",
        "date",
        "dateTime",
        "decimal",
        "id",
        "instant",
        "integer",
        "markdown",
        "oid",
        "positiveInt",
        "string",
        "time",
        "unsignedInt",
        "uri",
        "url",
        "uuid",
        "Address",
        "Age",
        "Annotation",
        "Attachment",
        "CodeableConcept",
        "Coding",
        "ContactPoint",
        "Count",
        "Distance",
        "Duration",
        "HumanName",
        "Identifier",
        "Money",
        "Period",
        "Quantity",
        "Range",
        "Ratio",
        "Reference",
        "SampledData",
        "Signature",
        "Timing",
        "ContactDetail",
        "Contributor",
        "DataRequirement",
        "Expression",
        "ParameterDefinition",
        "RelatedArtifact",
        "TriggerDefinition",
        "UsageContext",
        "Dosage",
        "Meta"
      ]
    },
    {
      "url": "http://hl7.no/fhir/no-basis/StructureDefinition/no-basis-sourceofinformation",
      "title": "no-basis-sourceofinformation",
      "types": [
        "CodeableConcept",
        "string",
        "Extension",
        "Coding",
        "string",
        "Extension",
        "uri",
        "string",
        "code",
        "string",
        "boolean",
        "string",
        "base64Binary",
        "boolean",
        "canonical",
        "code",
        "date",
        "dateTime",
        "decimal",
        "id",
        "instant",
        "integer",
        "markdown",
        "oid",
        "positiveInt",
        "string",
        "time",
        "unsignedInt",
        "uri",
        "url",
        "uuid",
        "Address",
        "Age",
        "Annotation",
        "Attachment",
        "CodeableConcept",
        "Coding",
        "ContactPoint",
        "Count",
        "Distance",
        "Duration",
        "HumanName",
        "Identifier",
        "Money",
        "Period",
        "Quantity",
        "Range",
        "Ratio",
        "Reference",
        "SampledData",
        "Signature",
        "Timing",
        "ContactDetail",
        "Contributor",
        "DataRequirement",
        "Expression",
        "ParameterDefinition",
        "RelatedArtifact",
        "TriggerDefinition",
        "UsageContext",
        "Dosage",
        "Meta"
      ]
    },
    {
      "url": "http://hl7.no/fhir/no-basis/StructureDefinition/no-basis-urban-district",
      "title": "no-basis-urban-district",
      "types": [
        "Coding"
      ]
    }
  ],
  "profiles": {
    "Organization": [
      {
        "url": "http://hl7.no/fhir/no-basis/StructureDefinition/no-basis-Organization",
        "title": "no-basis-Organization"
      }
    ],
    "Patient": [
      {
        "url": "http://hl7.no/fhir/no-basis/StructureDefinition/no-basis-Patient",
        "title": "no-basis-Patient"
      }
    ],
    "Person": [
      {
        "url": "http://hl7.no/fhir/no-basis/StructureDefinition/no-basis-Person",
        "title": "no-basis-Person"
      }
    ],
    "PractitionerRole": [
      {
        "url": "http://hl7.no/fhir/no-basis/StructureDefinition/no-basis-PractitionerRole",
        "title": "no-basis-PractitionerRole"
      }
    ],
    "RelatedPerson": [
      {
        "url": "http://hl7.no/fhir/no-basis/StructureDefinition/no-basis-RelatedPerson",
        "title": "no-basis-RelatedPerson"
      }
    ]
  },
  "usage": {
    "http://hl7.no/fhir/StructureDefinition/no-basis-address-official": [
      "Patient.address"
    ],
    "http://hl7.no/fhir/StructureDefinition/no-basis-middlename": [
      "Patient.contact.name"
    ],
    "http://hl7.no/fhir/StructureDefinition/no-basis-municipalitycode": [
      "Patient.address.district"
    ],
    "http://hl7.no/fhir/StructureDefinition/no-basis-propertyinformation": [
      "Patient.address"
    ],
    "http://hl7.no/fhir/no-basis/StructureDefinition/no-basis-address-official": [
      "Address",
      "Patient.address"
    ],
    "http://hl7.no/fhir/no-basis/StructureDefinition/no-basis-middlename": [
      "HumanName"
    ],
    "http://hl7.no/fhir/no-basis/StructureDefinition/no-basis-municipalitycode": [
      "Address.district"
    ],
    "http://hl7.no/fhir/no-basis/StructureDefinition/no-basis-propertyinformation": [
      "Address",
      "Patient.address"
    ],
    "http://hl7.no/fhir/no-basis/StructureDefinition/no-basis-urban-district": [
      "Address"
    ],
    "http://hl7.org/fhir/StructureDefinition/elementdefinition-bestpractice": [
      "StructureDefinition.snapshot.element.constraint"
    ],
    "http://hl7.org/fhir/StructureDefinition/elementdefinition-bestpractice-explanation": [
      "StructureDefinition.snapshot.element.constraint"
    ],
    "http://hl7.org/fhir/StructureDefinition/elementdefinition-bindingName": [
      "StructureDefinition.snapshot.element.binding"
    ],
    "http://hl7.org/fhir/StructureDefinition/elementdefinition-isCommonBinding": [
      "StructureDefinition.snapshot.element.binding"
    ],
    "http://hl7.org/fhir/StructureDefinition/elementdefinition-maxValueSet": [
      "StructureDefinition.snapshot.element.binding"
    ],
    "http://hl7.org/fhir/StructureDefinition/elementdefinition-translatable": [
      "StructureDefinition.snapshot.element"
    ],
    "http://hl7.org/fhir/StructureDefinition/patient-citizenship": [
      "Patient"
    ],
    "http://hl7.org/fhir/StructureDefinition/regex": [
      "StructureDefinition.snapshot.element.type"
    ],
    "http://hl7.org/fhir/StructureDefinition/structuredefinition-category": [
      "StructureDefinition"
    ],
    "http://hl7.org/fhir/StructureDefinition/structuredefinition-explicit-type-name": [
      "StructureDefinition.snapshot.element"
    ],
    "http://hl7.org/fhir/StructureDefinition/structuredefinition-fhir-type": [
      "StructureDefinition.snapshot.element.type"
    ],
    "http://hl7.org/fhir/StructureDefinition/structuredefinition-fmm": [
      "StructureDefinition"
    ],
    "http://hl7.org/fhir/StructureDefinition/structuredefinition-hierarchy": [
      "StructureDefinition.differential.element.type",
      "StructureDefinition.snapshot.element.type"
    ],
    "http://hl7.org/fhir/StructureDefinition/structuredefinition-security-category": [
      "StructureDefinition"
    ],
    "http://hl7.org/fhir/StructureDefinition/structuredefinition-wg": [
      "StructureDefinition"
    ],
    "http://hl7.org/fhir/tools/StructureDefinition/ig-parameter": [
      "ImplementationGuide.definition"
    ],
    "http://hl7.org/fhir/tools/StructureDefinition/resource-information": [
      "ImplementationGuide.definition.resource"
    ]
  }
}