{"resourceType":"ImplementationGuide","id":"hl7.fhir.no.basis","text":{"status":"extensions","div":"<div xmlns=\"http://www.w3.org/1999/xhtml\"><h2>NoBasis</h2><p>The official URL for this implementation guide is: </p><pre>http://hl7.no/fhir/no-basis/ImplementationGuide/hl7.fhir.no.basis</pre></div>"},"url":"http://hl7.no/fhir/no-basis/ImplementationGuide/hl7.fhir.no.basis","version":"2.0.17-alpha","name":"NoBasis","status":"active","date":"2021-09-27T19:56:41+00:00","jurisdiction":[{"coding":[{"system":"urn:iso:std:iso:3166","code":"NO","display":"Norway"}]}],"packageId":"hl7.fhir.no.basis","license":"CC0-1.0","fhirVersion":["4.0.1"],"definition":{"extension":[{"extension":[{"url":"code","valueString":"copyrightyear"},{"url":"value","valueString":"2021+"}],"url":"http://hl7.org/fhir/tools/StructureDefinition/ig-parameter"},{"extension":[{"url":"code","valueString":"releaselabel"},{"url":"value","valueString":"ci-build"}],"url":"http://hl7.org/fhir/tools/StructureDefinition/ig-parameter"},{"extension":[{"url":"code","valueString":"path-liquid"},{"url":"value","valueString":"template/liquid"}],"url":"http://hl7.org/fhir/tools/StructureDefinition/ig-parameter"},{"extension":[{"url":"code","valueString":"path-liquid"},{"url":"value","valueString":"input/liquid"}],"url":"http://hl7.org/fhir/tools/StructureDefinition/ig-parameter"},{"extension":[{"url":"code","valueString":"path-qa"},{"url":"value","valueString":"temp/qa"}],"url":"http://hl7.org/fhir/tools/StructureDefinition/ig-parameter"},{"extension":[{"url":"code","valueString":"path-temp"},{"url":"value","valueString":"temp/pages"}],"url":"http://hl7.org/fhir/tools/StructureDefinition/ig-parameter"},{"extension":[{"url":"code","valueString":"path-output"},{"url":"value","valueString":"output"}],"url":"http://hl7.org/fhir/tools/StructureDefinition/ig-parameter"},{"extension":[{"url":"code","valueString":"path-suppressed-warnings"},{"url":"value","valueString":"input/ignoreWarnings.txt"}],"url":"http://hl7.org/fhir/tools/StructureDefinition/ig-parameter"},{"extension":[{"url":"code","valueString":"path-history"},{"url":"value","valueString":"http://hl7.no/fhir/no-basis/history.html"}],"url":"http://hl7.org/fhir/tools/StructureDefinition/ig-parameter"},{"extension":[{"url":"code","valueString":"template-html"},{"url":"value","valueString":"template-page.html"}],"url":"http://hl7.org/fhir/tools/StructureDefinition/ig-parameter"},{"extension":[{"url":"code","valueString":"template-md"},{"url":"value","valueString":"template-page-md.html"}],"url":"http://hl7.org/fhir/tools/StructureDefinition/ig-parameter"},{"extension":[{"url":"code","valueString":"apply-contact"},{"url":"value","valueString":"true"}],"url":"http://hl7.org/fhir/tools/StructureDefinition/ig-parameter"},{"extension":[{"url":"code","valueString":"apply-context"},{"url":"value","valueString":"true"}],"url":"http://hl7.org/fhir/tools/StructureDefinition/ig-parameter"},{"extension":[{"url":"code","valueString":"apply-copyright"},{"url":"value","valueString":"true"}],"url":"http://hl7.org/fhir/tools/StructureDefinition/ig-parameter"},{"extension":[{"url":"code","valueString":"apply-jurisdiction"},{"url":"value","valueString":"true"}],"url":"http://hl7.org/fhir/tools/StructureDefinition/ig-parameter"},{"extension":[{"url":"code","valueString":"apply-license"},{"url":"value","valueString":"true"}],"url":"http://hl7.org/fhir/tools/StructureDefinition/ig-parameter"},{"extension":[{"url":"code","valueString":"apply-publisher"},{"url":"value","valueString":"true"}],"url":"http://hl7.org/fhir/tools/StructureDefinition/ig-parameter"},{"extension":[{"url":"code","valueString":"apply-version"},{"url":"value","valueString":"true"}],"url":"http://hl7.org/fhir/tools/StructureDefinition/ig-parameter"},{"extension":[{"url":"code","valueString":"active-tables"},{"url":"value","valueString":"true"}],"url":"http://hl7.org/fhir/tools/StructureDefinition/ig-parameter"}],"grouping":[{"id":"-dyn-searchparameter","name":"Behavior: Search Parameters","description":"These define the properties by which a RESTful server can be searched.  They can also be used for sorting and including related resources."},{"id":"-str-profile","name":"Structures: Resource Profiles","description":"These define constraints on FHIR resources for systems conforming to this implementation guide"},{"id":"-str-datatype","name":"Structures: Data Type Profiles","description":"These define constraints on FHIR data types for systems conforming to this implementation guide"},{"id":"-str-extension","name":"Structures: Extension Definitions","description":"These define constraints on FHIR data types for systems conforming to this implementation guide"},{"id":"-term-valueset","name":"Terminology: Value Sets","description":"These define sets of codes used by systems conforming to this implementation guide"},{"id":"-term-codesystem","name":"Terminology: Code Systems","description":"These define new code systems used by systems conforming to this implementation guide"},{"id":"-term-namingsystem","name":"Terminology: Naming Systems","description":"These define identifier and/or code system identities used by systems conforming to this implementation guide"},{"id":"-ex-example","name":"Example: Example Instances","description":"These are example instances that show what data produced and consumed by systems conforming with this implementation guide might look like"}],"resource":[{"extension":[{"url":"http://hl7.org/fhir/StructureDefinition/implementationguide-page","valueUri":"StructureDefinition-no-basis-Address.html"}],"reference":{"reference":"StructureDefinition/no-basis-Address"},"name":"no-basis-Address","description":"Basisprofil for Norwegian Address information. Defined by The Norwegian Directorate of eHealth and HL7 Norway. The profile adds Norwegian specific property information, official use of address and further explanation of the use for the data-elements in a Norwegian address. The basis profile is open, but derived profiles should close down the information elements according to specification relevant to the use-case.","exampleBoolean":false,"groupingId":"-str-datatype"},{"extension":[{"url":"http://hl7.org/fhir/StructureDefinition/implementationguide-page","valueUri":"StructureDefinition-no-basis-HumanName.html"}],"reference":{"reference":"StructureDefinition/no-basis-HumanName"},"name":"no-basis-HumanName","description":"Basisprofil for Norwegian HumanName. Defined by The Norwegian Directorate of eHealth and HL7 Norway. The profile adds the concept of middlename and further explains of the use for the data-elements in a Norwegian context. The basis profile is open, but derived profiles should close down the information elements according to specification relevant to the use-case.","exampleBoolean":false,"groupingId":"-str-datatype"},{"extension":[{"url":"http://hl7.org/fhir/StructureDefinition/implementationguide-page","valueUri":"StructureDefinition-no-basis-Patient.html"}],"reference":{"reference":"StructureDefinition/no-basis-Patient"},"name":"no-basis-Patient","description":"Basisprofil for Norwegian Patient information. Defined by The Norwegian Directorate of eHealth and HL7 Norway. Should be used as a basis for further profiling in use-cases where specific identity information is needed. The basis profile is open, but derived profiles should close down the information elements according to specification relevant to the use-case.","exampleBoolean":false,"groupingId":"-str-profile"},{"extension":[{"url":"http://hl7.org/fhir/StructureDefinition/implementationguide-page","valueUri":"StructureDefinition-no-basis-Person.html"}],"reference":{"reference":"StructureDefinition/no-basis-Person"},"name":"no-basis-Person","description":"Basisprofil for Norwegian Person information. Defined by The Norwegian Directorate of eHealth and HL7 Norway. Should be used as a basis for further profiling in use-cases where specific identity information is needed. The basis profile is open, but derived profiles should close down the information elements according to specification relevant to the use-case.\n\nThe no-basis-Person resource main use-case is with regards to information describing persons that are living in Norway. The information is typically available from the Norwegian \"folkeregister\" and contains information describing all Norweigan citizens and individuals working and living in Norway.","exampleBoolean":false,"groupingId":"-str-profile"},{"extension":[{"url":"http://hl7.org/fhir/StructureDefinition/implementationguide-page","valueUri":"StructureDefinition-no-basis-address-official.html"}],"reference":{"reference":"StructureDefinition/no-basis-address-official"},"name":"no-basis-address-official","description":"Defines the concept of an officialy registered address in Norway. Usually this will be the adress registered in \"Folkeregisteret\" for persons or \"Enhetsregisteret\" for organizations.","exampleBoolean":false,"groupingId":"-str-extension"},{"extension":[{"url":"http://hl7.org/fhir/StructureDefinition/implementationguide-page","valueUri":"StructureDefinition-no-basis-middlename.html"}],"reference":{"reference":"StructureDefinition/no-basis-middlename"},"name":"no-basis-middlename","description":"The basis extension defines the Norwegian middlename wich is called \"mellomnavn\" and defined by Norwegian legislation (Lov om personnavn).","exampleBoolean":false,"groupingId":"-str-extension"},{"extension":[{"url":"http://hl7.org/fhir/StructureDefinition/implementationguide-page","valueUri":"StructureDefinition-no-basis-municipalitycode.html"}],"reference":{"reference":"StructureDefinition/no-basis-municipalitycode"},"name":"no-basis-municipalitycode","description":"Coded value for municipality/county Norwegian kommune","exampleBoolean":false,"groupingId":"-str-extension"},{"extension":[{"url":"http://hl7.org/fhir/StructureDefinition/implementationguide-page","valueUri":"StructureDefinition-no-basis-person-citizenship.html"}],"reference":{"reference":"StructureDefinition/no-basis-person-citizenship"},"name":"no-basis-person-citizenship","description":"The Person's legal status as citizen of a country.","exampleBoolean":false,"groupingId":"-str-extension"},{"extension":[{"url":"http://hl7.org/fhir/StructureDefinition/implementationguide-page","valueUri":"StructureDefinition-no-basis-prescriptiongroup.html"}],"reference":{"reference":"StructureDefinition/no-basis-prescriptiongroup"},"name":"no-basis-prescriptiongroup","description":"Part of norwegian standard for describing a prescription.","exampleBoolean":false,"groupingId":"-str-extension"},{"extension":[{"url":"http://hl7.org/fhir/StructureDefinition/implementationguide-page","valueUri":"StructureDefinition-no-basis-propertyinformation.html"}],"reference":{"reference":"StructureDefinition/no-basis-propertyinformation"},"name":"no-basis-propertyinformation","description":"This basis extension describes information identifying norwegian real property.","exampleBoolean":false,"groupingId":"-str-extension"},{"extension":[{"url":"http://hl7.org/fhir/StructureDefinition/implementationguide-page","valueUri":"StructureDefinition-no-basis-relatedperson-person-reference.html"}],"reference":{"reference":"StructureDefinition/no-basis-relatedperson-person-reference"},"name":"NoBasisRelatedpersonPersonReference","description":"If a person reference is needed in RelatedPerson.patient element, this optional extension should be used.","exampleBoolean":false,"groupingId":"-str-extension"},{"extension":[{"url":"http://hl7.org/fhir/StructureDefinition/implementationguide-page","valueUri":"StructureDefinition-no-basis-sourceofinformation.html"}],"reference":{"reference":"StructureDefinition/no-basis-sourceofinformation"},"name":"no-basis-sourceofinformation","description":"Part of norwegian KI standard.","exampleBoolean":false,"groupingId":"-str-extension"},{"extension":[{"url":"http://hl7.org/fhir/StructureDefinition/implementationguide-page","valueUri":"StructureDefinition-no-basis-urban-district.html"}],"reference":{"reference":"StructureDefinition/no-basis-urban-district"},"name":"no-basis-urban-district","description":"Simple extension containing information about what part of a norwegian city the patient is a resident. Administrative purpose.","exampleBoolean":false,"groupingId":"-str-extension"},{"extension":[{"url":"http://hl7.org/fhir/StructureDefinition/implementationguide-page","valueUri":"ValueSet-no-basis-connection-type.valueset.html"}],"reference":{"reference":"ValueSet/no-basis-connection-type.valueset"},"name":"no-basis-connection-type.valueset","description":"ValueSet for connection types used in Endpoint definition. Includes all Norwegian specific types (no-basis-connection-type) and the extensible HL7 CodeSystem for connection-type","exampleBoolean":false,"groupingId":"-term-valueset"},{"extension":[{"url":"http://hl7.org/fhir/StructureDefinition/implementationguide-page","valueUri":"ValueSet-no-basis-documentreference-type.valueset.html"}],"reference":{"reference":"ValueSet/no-basis-documentreference-type.valueset"},"name":"no-basis-documentreference-type.valueset","exampleBoolean":false,"groupingId":"-term-valueset"},{"extension":[{"url":"http://hl7.org/fhir/StructureDefinition/implementationguide-page","valueUri":"ValueSet-no-basis-family-relation.valueset.html"}],"reference":{"reference":"ValueSet/no-basis-family-relation.valueset"},"name":"no-basis-family-relation.valueset","description":"Copy of Codes from Familierelasjon defined by Skatteetaten","exampleBoolean":false,"groupingId":"-term-valueset"},{"extension":[{"url":"http://hl7.org/fhir/StructureDefinition/implementationguide-page","valueUri":"ValueSet-no-basis-marital-status.valueset.html"}],"reference":{"reference":"ValueSet/no-basis-marital-status.valueset"},"name":"no-basis-marital-status.valueset","description":"Copy of Codes from Sivilstandstype defined by Skatteetaten","exampleBoolean":false,"groupingId":"-term-valueset"},{"extension":[{"url":"http://hl7.org/fhir/StructureDefinition/implementationguide-page","valueUri":"ValueSet-no-basis-parental-responsibility.valueset.html"}],"reference":{"reference":"ValueSet/no-basis-parental-responsibility.valueset"},"name":"no-basis-parental-responsibility.valueset","description":"Copy of Codes from Foreldreansvar defined by Skatteetaten","exampleBoolean":false,"groupingId":"-term-valueset"},{"extension":[{"url":"http://hl7.org/fhir/StructureDefinition/implementationguide-page","valueUri":"ValueSet-no-basis-service-type.valueset.html"}],"reference":{"reference":"ValueSet/no-basis-service-type.valueset"},"name":"no-basis-service-type.valueset","description":"ValueSet including all codes for service type (tjenestetype) allowed in the Adressergister","exampleBoolean":false,"groupingId":"-term-valueset"},{"extension":[{"url":"http://hl7.org/fhir/StructureDefinition/implementationguide-page","valueUri":"CodeSystem-no-basis-connection-type.codesystem.html"}],"reference":{"reference":"CodeSystem/no-basis-connection-type.codesystem"},"name":"no-basis-connection-type.codesystem","description":"Codes to describe Norwegian message based communication protocols.","exampleBoolean":false,"groupingId":"-term-codesystem"},{"extension":[{"url":"http://hl7.org/fhir/StructureDefinition/implementationguide-page","valueUri":"CodeSystem-no-basis-family-relation.codesystem.html"}],"reference":{"reference":"CodeSystem/no-basis-family-relation.codesystem"},"name":"no-basis-family-relation.codesystem","exampleBoolean":false,"groupingId":"-term-codesystem"},{"extension":[{"url":"http://hl7.org/fhir/StructureDefinition/implementationguide-page","valueUri":"CodeSystem-no-basis-marital-status.codesystem.html"}],"reference":{"reference":"CodeSystem/no-basis-marital-status.codesystem"},"name":"no-basis-marital-status.codesystem","exampleBoolean":false,"groupingId":"-term-codesystem"},{"extension":[{"url":"http://hl7.org/fhir/StructureDefinition/implementationguide-page","valueUri":"CodeSystem-no-basis-parental-responsibility.codesystem.html"}],"reference":{"reference":"CodeSystem/no-basis-parental-responsibility.codesystem"},"name":"no-basis-parental-responsibility.codesystem","exampleBoolean":false,"groupingId":"-term-codesystem"},{"extension":[{"url":"http://hl7.org/fhir/StructureDefinition/implementationguide-page","valueUri":"Patient-GOFSH-GENERATED-ID-2.html"}],"reference":{"reference":"Patient/GOFSH-GENERATED-ID-2"},"name":"GOFSH-GENERATED-ID-2","exampleCanonical":"http://hl7.no/fhir/no-basis/StructureDefinition/no-basis-Patient","groupingId":"-ex-example"},{"extension":[{"url":"http://hl7.org/fhir/StructureDefinition/implementationguide-page","valueUri":"Patient-GOFSH-GENERATED-ID-3.html"}],"reference":{"reference":"Patient/GOFSH-GENERATED-ID-3"},"name":"GOFSH-GENERATED-ID-3","exampleCanonical":"http://hl7.no/fhir/no-basis/StructureDefinition/no-basis-Patient","groupingId":"-ex-example"},{"extension":[{"url":"http://hl7.org/fhir/StructureDefinition/implementationguide-page","valueUri":"Patient-JanniceSorengTo.html"}],"reference":{"reference":"Patient/JanniceSorengTo"},"name":"JanniceSorengTo","exampleCanonical":"http://hl7.no/fhir/no-basis/StructureDefinition/no-basis-Patient","groupingId":"-ex-example"},{"extension":[{"url":"http://hl7.org/fhir/StructureDefinition/implementationguide-page","valueUri":"NamingSystem-no-basis-bydelsnummer.html"}],"reference":{"reference":"NamingSystem/no-basis-bydelsnummer"},"name":"no-basis-bydelsnummer","description":"Nummerering av kommuner i henhold til SSB sin offisielle liste. Inneholder fremtidige, gyldige og utgåtte kommunenummer.","exampleBoolean":false,"groupingId":"-term-namingsystem"},{"extension":[{"url":"http://hl7.org/fhir/StructureDefinition/implementationguide-page","valueUri":"NamingSystem-no-basis-dnummer.html"}],"reference":{"reference":"NamingSystem/no-basis-dnummer"},"name":"no-basis-dnummer","description":"Personidentifikator for personer som ikke har fødselsnummer og som ikke skal registreres som bosatt i Norge. The D-nummer of the patient. (assigned by the norwegian Skatteetaten)","exampleBoolean":false,"groupingId":"-term-namingsystem"},{"extension":[{"url":"http://hl7.org/fhir/StructureDefinition/implementationguide-page","valueUri":"NamingSystem-no-basis-dufnummer.html"}],"reference":{"reference":"NamingSystem/no-basis-dufnummer"},"name":"no-basis-dufnummer","description":"Et DUF-nummer er et tolvsifret nummer som blir gitt til alle som søker om opphold i Norge.","exampleBoolean":false,"groupingId":"-term-namingsystem"},{"extension":[{"url":"http://hl7.org/fhir/StructureDefinition/implementationguide-page","valueUri":"NamingSystem-no-basis-felleshjelpenummer.html"}],"reference":{"reference":"NamingSystem/no-basis-felleshjelpenummer"},"name":"no-basis-felleshjelpenummer","description":"Felles hjelpenummer is one possible patient identification number administered by Norsk Helsenett. The norwegian felles hjelpenummer is a 11-digit number containing two control digits. The number shoud only be used when the Fødselsnummer and D-number is unknown.","exampleBoolean":false,"groupingId":"-term-namingsystem"},{"extension":[{"url":"http://hl7.org/fhir/StructureDefinition/implementationguide-page","valueUri":"NamingSystem-no-basis-foedselsnummer.html"}],"reference":{"reference":"NamingSystem/no-basis-foedselsnummer"},"name":"no-basis-foedselsnummer","description":"Fødselsnummer is the official identification of a Norwegian citizen and is registered in the repository called folkeregisteret. Fødselsnummer is a 11-digit number containing 2 control digits.","exampleBoolean":false,"groupingId":"-term-namingsystem"},{"extension":[{"url":"http://hl7.org/fhir/StructureDefinition/implementationguide-page","valueUri":"NamingSystem-no-basis-helsepersonellnummer.html"}],"reference":{"reference":"NamingSystem/no-basis-helsepersonellnummer"},"name":"no-basis-helsepersonellnummer","description":"In Norway all registered health care personnel is registered in the Helsepersonellregister (HPR) and is assigned a HPR-number that is used to identify the health care practitioner. Health care personnel not registered in HPR can use FNR for identification.","exampleBoolean":false,"groupingId":"-term-namingsystem"},{"extension":[{"url":"http://hl7.org/fhir/StructureDefinition/implementationguide-page","valueUri":"NamingSystem-no-basis-kommunenummer.html"}],"reference":{"reference":"NamingSystem/no-basis-kommunenummer"},"name":"no-basis-kommunenummer","description":"Nummerering av kommuner i henhold til SSB sin offisielle liste. Inneholder fremtidige, gyldige og utgåtte kommunenummer.","exampleBoolean":false,"groupingId":"-term-namingsystem"},{"extension":[{"url":"http://hl7.org/fhir/StructureDefinition/implementationguide-page","valueUri":"SearchParameter-no-basis-middlename.html"}],"reference":{"reference":"SearchParameter/no-basis-middlename"},"name":"no-basis-middlename","description":"SearchParameter for the Norwegian middlename extension http://hl7.no/fhir/StructureDefinition/no-basis-middlename","exampleBoolean":false,"groupingId":"-dyn-searchparameter"}],"page":{"nameUrl":"toc.html","title":"Table of Contents","generation":"html","page":[{"nameUrl":"index.html","title":"Home","generation":"markdown"},{"nameUrl":"artifacts.html","title":"Artifacts Summary","generation":"html","page":[{"nameUrl":"SearchParameter-no-basis-middlename.html","title":"no-basis-middlename","generation":"generated"},{"nameUrl":"StructureDefinition-no-basis-Patient.html","title":"no-basis-Patient","generation":"generated"},{"nameUrl":"StructureDefinition-no-basis-Person.html","title":"no-basis-Person","generation":"generated"},{"nameUrl":"StructureDefinition-no-basis-Address.html","title":"no-basis-Address","generation":"generated"},{"nameUrl":"StructureDefinition-no-basis-HumanName.html","title":"no-basis-HumanName","generation":"generated"},{"nameUrl":"StructureDefinition-no-basis-address-official.html","title":"no-basis-address-official","generation":"generated"},{"nameUrl":"StructureDefinition-no-basis-middlename.html","title":"no-basis-middlename","generation":"generated"},{"nameUrl":"StructureDefinition-no-basis-municipalitycode.html","title":"no-basis-municipalitycode","generation":"generated"},{"nameUrl":"StructureDefinition-no-basis-person-citizenship.html","title":"no-basis-person-citizenship","generation":"generated"},{"nameUrl":"StructureDefinition-no-basis-prescriptiongroup.html","title":"no-basis-prescriptiongroup","generation":"generated"},{"nameUrl":"StructureDefinition-no-basis-propertyinformation.html","title":"no-basis-propertyinformation","generation":"generated"},{"nameUrl":"StructureDefinition-no-basis-relatedperson-person-reference.html","title":"NoBasisRelatedpersonPersonReference","generation":"generated"},{"nameUrl":"StructureDefinition-no-basis-sourceofinformation.html","title":"no-basis-sourceofinformation","generation":"generated"},{"nameUrl":"StructureDefinition-no-basis-urban-district.html","title":"no-basis-urban-district","generation":"generated"},{"nameUrl":"ValueSet-no-basis-connection-type.valueset.html","title":"no-basis-connection-type.valueset","generation":"generated"},{"nameUrl":"ValueSet-no-basis-documentreference-type.valueset.html","title":"no-basis-documentreference-type.valueset","generation":"generated"},{"nameUrl":"ValueSet-no-basis-family-relation.valueset.html","title":"no-basis-family-relation.valueset","generation":"generated"},{"nameUrl":"ValueSet-no-basis-marital-status.valueset.html","title":"no-basis-marital-status.valueset","generation":"generated"},{"nameUrl":"ValueSet-no-basis-parental-responsibility.valueset.html","title":"no-basis-parental-responsibility.valueset","generation":"generated"},{"nameUrl":"ValueSet-no-basis-service-type.valueset.html","title":"no-basis-service-type.valueset","generation":"generated"},{"nameUrl":"CodeSystem-no-basis-connection-type.codesystem.html","title":"no-basis-connection-type.codesystem","generation":"generated"},{"nameUrl":"CodeSystem-no-basis-family-relation.codesystem.html","title":"no-basis-family-relation.codesystem","generation":"generated"},{"nameUrl":"CodeSystem-no-basis-marital-status.codesystem.html","title":"no-basis-marital-status.codesystem","generation":"generated"},{"nameUrl":"CodeSystem-no-basis-parental-responsibility.codesystem.html","title":"no-basis-parental-responsibility.codesystem","generation":"generated"},{"nameUrl":"NamingSystem-no-basis-bydelsnummer.html","title":"no-basis-bydelsnummer","generation":"generated"},{"nameUrl":"NamingSystem-no-basis-dnummer.html","title":"no-basis-dnummer","generation":"generated"},{"nameUrl":"NamingSystem-no-basis-dufnummer.html","title":"no-basis-dufnummer","generation":"generated"},{"nameUrl":"NamingSystem-no-basis-felleshjelpenummer.html","title":"no-basis-felleshjelpenummer","generation":"generated"},{"nameUrl":"NamingSystem-no-basis-foedselsnummer.html","title":"no-basis-foedselsnummer","generation":"generated"},{"nameUrl":"NamingSystem-no-basis-helsepersonellnummer.html","title":"no-basis-helsepersonellnummer","generation":"generated"},{"nameUrl":"NamingSystem-no-basis-kommunenummer.html","title":"no-basis-kommunenummer","generation":"generated"},{"nameUrl":"Patient-GOFSH-GENERATED-ID-2.html","title":"GOFSH-GENERATED-ID-2","generation":"generated"},{"nameUrl":"Patient-GOFSH-GENERATED-ID-3.html","title":"GOFSH-GENERATED-ID-3","generation":"generated"},{"nameUrl":"Patient-JanniceSorengTo.html","title":"JanniceSorengTo","generation":"generated"}]}]},"parameter":[{"code":"path-resource","value":"input/capabilities"},{"code":"path-resource","value":"input/examples"},{"code":"path-resource","value":"input/extensions"},{"code":"path-resource","value":"input/models"},{"code":"path-resource","value":"input/operations"},{"code":"path-resource","value":"input/profiles"},{"code":"path-resource","value":"input/resources"},{"code":"path-resource","value":"input/vocabulary"},{"code":"path-resource","value":"input/maps"},{"code":"path-resource","value":"input/testing"},{"code":"path-resource","value":"input/history"},{"code":"path-resource","value":"fsh-generated/resources"},{"code":"path-pages","value":"template/config"},{"code":"path-pages","value":"input/images"},{"code":"path-tx-cache","value":"input-cache/txcache"}]}}