{"resourceType":"StructureDefinition","id":"no-basis-Endpoint","text":{"status":"extensions","div":"<div xmlns=\"http://www.w3.org/1999/xhtml\"><table border=\"0\" cellpadding=\"0\" cellspacing=\"0\" style=\"border: 0px #F0F0F0 solid; font-size: 11px; font-family: verdana; vertical-align: top;\"><tr style=\"border: 1px #F0F0F0 solid; font-size: 11px; font-family: verdana; vertical-align: top\"><th style=\"vertical-align: top; text-align : left; background-color: white; border: 0px #F0F0F0 solid; padding:0px 4px 0px 4px\" class=\"hierarchy\"><a href=\"http://hl7.org/fhir/R4/formats.html#table\" title=\"The logical name of the element\">Name</a></th><th style=\"vertical-align: top; text-align : left; background-color: white; border: 0px #F0F0F0 solid; padding:0px 4px 0px 4px\" class=\"hierarchy\"><a href=\"http://hl7.org/fhir/R4/formats.html#table\" title=\"Information about the use of the element\">Flags</a></th><th style=\"vertical-align: top; text-align : left; background-color: white; border: 0px #F0F0F0 solid; padding:0px 4px 0px 4px\" class=\"hierarchy\"><a href=\"http://hl7.org/fhir/R4/formats.html#table\" title=\"Minimum and Maximum # of times the the element can appear in the instance\">Card.</a></th><th style=\"width: 100px\" class=\"hierarchy\"><a href=\"http://hl7.org/fhir/R4/formats.html#table\" title=\"Reference to the type of the element\">Type</a></th><th style=\"vertical-align: top; text-align : left; background-color: white; border: 0px #F0F0F0 solid; padding:0px 4px 0px 4px\" class=\"hierarchy\"><a href=\"http://hl7.org/fhir/R4/formats.html#table\" title=\"Additional information about the element\">Description &amp; Constraints</a><span style=\"float: right\"><a href=\"http://hl7.org/fhir/R4/formats.html#table\" title=\"Legend for this format\"><img src=\"http://hl7.org/fhir/R4/help16.png\" alt=\"doco\" style=\"background-color: inherit\"/></a></span></th></tr><tr style=\"border: 0px #F0F0F0 solid; padding:0px; vertical-align: top; background-color: white\"><td style=\"vertical-align: top; text-align : left; background-color: white; border: 0px #F0F0F0 solid; padding:0px 4px 0px 4px; white-space: nowrap; background-image: url(tbl_bck1.png)\" class=\"hierarchy\"><img src=\"tbl_spacer.png\" alt=\".\" style=\"background-color: inherit\" class=\"hierarchy\"/><img src=\"icon_resource.png\" alt=\".\" style=\"background-color: white; background-color: inherit\" title=\"Resource\" class=\"hierarchy\"/> <a href=\"StructureDefinition-no-basis-Endpoint-definitions.html#Endpoint\" title=\"The no-basis profile of the Endpoint resource makes it possible to use the resource for the norwegian service based adressing (tjenestebasert adressering) and other adressing schemes.\r\n\r\nThe technical details of an endpoint that can be used for electronic services, such as for web services providing XDS.b or a REST endpoint for another FHIR server. This may include any security context information.\">Endpoint</a><a name=\"Endpoint\"> </a></td><td style=\"vertical-align: top; text-align : left; background-color: white; border: 0px #F0F0F0 solid; padding:0px 4px 0px 4px\" class=\"hierarchy\"/><td style=\"vertical-align: top; text-align : left; background-color: white; border: 0px #F0F0F0 solid; padding:0px 4px 0px 4px\" class=\"hierarchy\"><span style=\"opacity: 0.5\">0</span><span style=\"opacity: 0.5\">..</span><span style=\"opacity: 0.5\">*</span></td><td style=\"vertical-align: top; text-align : left; background-color: white; border: 0px #F0F0F0 solid; padding:0px 4px 0px 4px\" class=\"hierarchy\"><a href=\"http://hl7.org/fhir/R4/endpoint.html\">Endpoint</a></td><td style=\"vertical-align: top; text-align : left; background-color: white; border: 0px #F0F0F0 solid; padding:0px 4px 0px 4px\" class=\"hierarchy\"><span style=\"opacity: 0.5\">The technical details of an endpoint that can be used for electronic services</span></td></tr>\r\n<tr style=\"border: 0px #F0F0F0 solid; padding:0px; vertical-align: top; background-color: #F7F7F7\"><td style=\"vertical-align: top; text-align : left; background-color: #F7F7F7; border: 0px #F0F0F0 solid; padding:0px 4px 0px 4px; white-space: nowrap; background-image: url(tbl_bck10.png)\" class=\"hierarchy\"><img src=\"tbl_spacer.png\" alt=\".\" style=\"background-color: inherit\" class=\"hierarchy\"/><img src=\"tbl_vjoin.png\" alt=\".\" style=\"background-color: inherit\" class=\"hierarchy\"/><img src=\"icon_element.gif\" alt=\".\" style=\"background-color: #F7F7F7; background-color: inherit\" title=\"Element\" class=\"hierarchy\"/> <a href=\"StructureDefinition-no-basis-Endpoint-definitions.html#Endpoint.identifier\">identifier</a><a name=\"Endpoint.identifier\"> </a></td><td style=\"vertical-align: top; text-align : left; background-color: #F7F7F7; border: 0px #F0F0F0 solid; padding:0px 4px 0px 4px\" class=\"hierarchy\"/><td style=\"vertical-align: top; text-align : left; background-color: #F7F7F7; border: 0px #F0F0F0 solid; padding:0px 4px 0px 4px\" class=\"hierarchy\"><span style=\"opacity: 0.5\">0</span><span style=\"opacity: 0.5\">..</span><span style=\"opacity: 0.5\">*</span></td><td style=\"vertical-align: top; text-align : left; background-color: #F7F7F7; border: 0px #F0F0F0 solid; padding:0px 4px 0px 4px\" class=\"hierarchy\"><a style=\"opacity: 0.5\" href=\"http://hl7.org/fhir/R4/datatypes.html#Identifier\">Identifier</a></td><td style=\"vertical-align: top; text-align : left; background-color: #F7F7F7; border: 0px #F0F0F0 solid; padding:0px 4px 0px 4px\" class=\"hierarchy\"><span style=\"opacity: 0.5\">Identifies this endpoint across multiple systems</span></td></tr>\r\n<tr style=\"border: 0px #F0F0F0 solid; padding:0px; vertical-align: top; background-color: white\"><td style=\"vertical-align: top; text-align : left; background-color: white; border: 0px #F0F0F0 solid; padding:0px 4px 0px 4px; white-space: nowrap; background-image: url(tbl_bck10.png)\" class=\"hierarchy\"><img src=\"tbl_spacer.png\" alt=\".\" style=\"background-color: inherit\" class=\"hierarchy\"/><img src=\"tbl_vjoin.png\" alt=\".\" style=\"background-color: inherit\" class=\"hierarchy\"/><img src=\"icon_element.gif\" alt=\".\" style=\"background-color: white; background-color: inherit\" title=\"Element\" class=\"hierarchy\"/> <a href=\"StructureDefinition-no-basis-Endpoint-definitions.html#Endpoint.connectionType\" title=\"no-basis:  the connection type should be coded according to http://hl7.org/fhir/ValueSet/endpoint-connection-type. However specific connection types used in Norway can be coded according to http://hl7.no/fhir/ValueSet/no-basis-endpoint-connection-type (amqp, ebxml etc.)\r\n\r\nA coded value that represents the technical details of the usage of this endpoint, such as what WSDLs should be used in what way. (e.g. XDS.b/DICOM/cds-hook).\">connectionType</a><a name=\"Endpoint.connectionType\"> </a></td><td style=\"vertical-align: top; text-align : left; background-color: white; border: 0px #F0F0F0 solid; padding:0px 4px 0px 4px\" class=\"hierarchy\"/><td style=\"vertical-align: top; text-align : left; background-color: white; border: 0px #F0F0F0 solid; padding:0px 4px 0px 4px\" class=\"hierarchy\"><span style=\"opacity: 0.5\">1</span><span style=\"opacity: 0.5\">..</span><span style=\"opacity: 0.5\">1</span></td><td style=\"vertical-align: top; text-align : left; background-color: white; border: 0px #F0F0F0 solid; padding:0px 4px 0px 4px\" class=\"hierarchy\"><a style=\"opacity: 0.5\" href=\"http://hl7.org/fhir/R4/datatypes.html#Coding\">Coding</a></td><td style=\"vertical-align: top; text-align : left; background-color: white; border: 0px #F0F0F0 solid; padding:0px 4px 0px 4px\" class=\"hierarchy\"><span style=\"opacity: 0.5\">Protocol/Profile/Standard to be used with this endpoint connection</span><br/><span style=\"font-weight:bold\">Binding: </span><a href=\"ValueSet-no-basis-connection-type.valueset.html\">no-basis-connection-type.valueset</a> (<a href=\"http://hl7.org/fhir/R4/terminologies.html#extensible\" title=\"To be conformant, the concept in this element SHALL be from the specified value set if any of the codes within the value set can apply to the concept being communicated.  If the value set does not cover the concept (based on human review), alternate codings (or, data type allowing, text) may be included instead.\">extensible</a>)</td></tr>\r\n<tr style=\"border: 0px #F0F0F0 solid; padding:0px; vertical-align: top; background-color: #F7F7F7\"><td style=\"vertical-align: top; text-align : left; background-color: #F7F7F7; border: 0px #F0F0F0 solid; padding:0px 4px 0px 4px; white-space: nowrap; background-image: url(tbl_bck10.png)\" class=\"hierarchy\"><img src=\"tbl_spacer.png\" alt=\".\" style=\"background-color: inherit\" class=\"hierarchy\"/><img src=\"tbl_vjoin.png\" alt=\".\" style=\"background-color: inherit\" class=\"hierarchy\"/><img src=\"icon_reference.png\" alt=\".\" style=\"background-color: #F7F7F7; background-color: inherit\" title=\"Reference to another Resource\" class=\"hierarchy\"/> <a href=\"StructureDefinition-no-basis-Endpoint-definitions.html#Endpoint.managingOrganization\" title=\"The organization that manages this endpoint (even if technically another organisation is hosting this in the cloud, it is the organisation associated with the data).\r\n\r\nno-basis: In Norway this relates to the organization with the responsibility for the data e.g. &quot;dataansvarlig&quot;.\r\nno-basis recommends the use of logical reference to an organization using ENH or RSH. To describe a top level organization. Departments within an organization could use a different reference scheme defined by the organization.\">managingOrganization</a><a name=\"Endpoint.managingOrganization\"> </a></td><td style=\"vertical-align: top; text-align : left; background-color: #F7F7F7; border: 0px #F0F0F0 solid; padding:0px 4px 0px 4px\" class=\"hierarchy\"/><td style=\"vertical-align: top; text-align : left; background-color: #F7F7F7; border: 0px #F0F0F0 solid; padding:0px 4px 0px 4px\" class=\"hierarchy\"><span style=\"opacity: 0.5\">0</span><span style=\"opacity: 0.5\">..</span><span style=\"opacity: 0.5\">1</span></td><td style=\"vertical-align: top; text-align : left; background-color: #F7F7F7; border: 0px #F0F0F0 solid; padding:0px 4px 0px 4px\" class=\"hierarchy\"><a href=\"http://hl7.org/fhir/R4/references.html\">Reference</a>(<a href=\"http://hl7.org/fhir/R4/organization.html\">Organization</a> | <a href=\"StructureDefinition-no-basis-Organization.html\">no-basis-Organization</a>)</td><td style=\"vertical-align: top; text-align : left; background-color: #F7F7F7; border: 0px #F0F0F0 solid; padding:0px 4px 0px 4px\" class=\"hierarchy\"><span style=\"opacity: 0.5\">Organization that manages this endpoint (might not be the organization that exposes the endpoint)</span></td></tr>\r\n<tr style=\"border: 0px #F0F0F0 solid; padding:0px; vertical-align: top; background-color: white\"><td style=\"vertical-align: top; text-align : left; background-color: white; border: 0px #F0F0F0 solid; padding:0px 4px 0px 4px; white-space: nowrap; background-image: url(tbl_bck13.png)\" class=\"hierarchy\"><img src=\"tbl_spacer.png\" alt=\".\" style=\"background-color: inherit\" class=\"hierarchy\"/><img src=\"tbl_vjoin.png\" alt=\".\" style=\"background-color: inherit\" class=\"hierarchy\"/><img src=\"icon_slice.png\" alt=\".\" style=\"background-color: white; background-color: inherit\" title=\"Slice Definition\" class=\"hierarchy\"/> <a style=\"font-style: italic\" href=\"StructureDefinition-no-basis-Endpoint-definitions.html#Endpoint.payloadType\" title=\"no-basis: for ebXML and AMQP messages in Norway one is expected to list all mesage types that the endpoint supports using the CodeSystem Meldingens funksjon (OID=8279) as a minimum. To describe complete version information to determine the type and version of the messages the endpoint supports, a CapabilityStatement can be used to describe the endpoints communication capabilities in detail.\r\nREST endpoints are expected to use the code &quot;any&quot; from https://www.hl7.org/fhir/codesystem-endpoint-payload-type.html. Proper FHIR Restful API's are expected to serve a CapabilityStatement from the base uri specified.\r\nOther payload types can be given using codes from the ValueSet http://hl7.org/fhir/ValueSet/endpoint-payload-type. \r\n\r\nThe payload type describes the acceptable content that can be communicated on the endpoint.\">Slices for payloadType</a><a name=\"Endpoint.payloadType\"> </a></td><td style=\"vertical-align: top; text-align : left; background-color: white; border: 0px #F0F0F0 solid; padding:0px 4px 0px 4px\" class=\"hierarchy\"/><td style=\"vertical-align: top; text-align : left; background-color: white; border: 0px #F0F0F0 solid; padding:0px 4px 0px 4px\" class=\"hierarchy\"><span style=\"font-style: italic\"/><span style=\"opacity: 0.5; font-style: italic\">1</span><span style=\"opacity: 0.5; font-style: italic\">..</span><span style=\"opacity: 0.5; font-style: italic\">*</span></td><td style=\"vertical-align: top; text-align : left; background-color: white; border: 0px #F0F0F0 solid; padding:0px 4px 0px 4px\" class=\"hierarchy\"><a style=\"opacity: 0.5; font-style: italic\" href=\"http://hl7.org/fhir/R4/datatypes.html#CodeableConcept\">CodeableConcept</a></td><td style=\"vertical-align: top; text-align : left; background-color: white; border: 0px #F0F0F0 solid; padding:0px 4px 0px 4px\" class=\"hierarchy\"><span style=\"opacity: 0.5; font-style: italic\">The type of content that may be used at this endpoint (e.g. XDS Discharge summaries)</span><br style=\"font-style: italic\"/><span style=\"font-weight:bold; font-style: italic\">Slice: </span><span style=\"font-style: italic\">Unordered, Open by value:coding.system</span></td></tr>\r\n<tr style=\"border: 0px #F0F0F0 solid; padding:0px; vertical-align: top; background-color: #F7F7F7\"><td style=\"vertical-align: top; text-align : left; background-color: #F7F7F7; border: 0px #F0F0F0 solid; padding:0px 4px 0px 4px; white-space: nowrap; background-image: url(tbl_bck134.png)\" class=\"hierarchy\"><img src=\"tbl_spacer.png\" alt=\".\" style=\"background-color: inherit\" class=\"hierarchy\"/><img src=\"tbl_vline.png\" alt=\".\" style=\"background-color: inherit\" class=\"hierarchy\"/><img src=\"tbl_vjoin_slicer.png\" alt=\".\" style=\"background-color: inherit\" class=\"hierarchy\"/><img src=\"icon_slice_item.png\" alt=\".\" style=\"background-color: #F7F7F7; background-color: inherit\" title=\"Slice Item\" class=\"hierarchy\"/> <a href=\"StructureDefinition-no-basis-Endpoint-definitions.html#Endpoint.payloadType:meldingensFunksjon\" title=\"Slice meldingensFunksjon: no-basis: for ebXML and AMQP messages in Norway one is expected to list all mesage types that the endpoint supports using the CodeSystem Meldingens funksjon (OID=8279). Version information (version of the payload document) shold be given in the coding.version element.\r\n\r\nThe payload type describes the acceptable content that can be communicated on the endpoint.\">payloadType:meldingensFunksjon</a><a name=\"Endpoint.payloadType\"> </a></td><td style=\"vertical-align: top; text-align : left; background-color: #F7F7F7; border: 0px #F0F0F0 solid; padding:0px 4px 0px 4px\" class=\"hierarchy\"/><td style=\"vertical-align: top; text-align : left; background-color: #F7F7F7; border: 0px #F0F0F0 solid; padding:0px 4px 0px 4px\" class=\"hierarchy\">0..*</td><td style=\"vertical-align: top; text-align : left; background-color: #F7F7F7; border: 0px #F0F0F0 solid; padding:0px 4px 0px 4px\" class=\"hierarchy\"><a style=\"opacity: 0.5\" href=\"http://hl7.org/fhir/R4/datatypes.html#CodeableConcept\">CodeableConcept</a></td><td style=\"vertical-align: top; text-align : left; background-color: #F7F7F7; border: 0px #F0F0F0 solid; padding:0px 4px 0px 4px\" class=\"hierarchy\"><span style=\"opacity: 0.5\">The type of content that may be used at this endpoint (e.g. XDS Discharge summaries)</span><br/><span style=\"font-weight:bold\">Binding: </span><a href=\"urn:oid:2.16.578.1.12.4.1.1.8279\">urn:oid:2.16.578.1.12.4.1.1.8279</a> (<a href=\"http://hl7.org/fhir/R4/terminologies.html#required\" title=\"To be conformant, the concept in this element SHALL be from the specified value set.\">required</a>)<br/></td></tr>\r\n<tr style=\"border: 0px #F0F0F0 solid; padding:0px; vertical-align: top; background-color: white\"><td style=\"vertical-align: top; text-align : left; background-color: white; border: 0px #F0F0F0 solid; padding:0px 4px 0px 4px; white-space: nowrap; background-image: url(tbl_bck124.png)\" class=\"hierarchy\"><img src=\"tbl_spacer.png\" alt=\".\" style=\"background-color: inherit\" class=\"hierarchy\"/><img src=\"tbl_vline.png\" alt=\".\" style=\"background-color: inherit\" class=\"hierarchy\"/><img src=\"tbl_vjoin_end_slicer.png\" alt=\".\" style=\"background-color: inherit\" class=\"hierarchy\"/><img src=\"icon_slice_item.png\" alt=\".\" style=\"background-color: white; background-color: inherit\" title=\"Slice Item\" class=\"hierarchy\"/> <a href=\"StructureDefinition-no-basis-Endpoint-definitions.html#Endpoint.payloadType:formatCode\" title=\"Slice formatCode: no-basis: Specific information about payload type and version. Information about the payload type and version for ebxml and amqp messages\r\n\r\nThe payload type describes the acceptable content that can be communicated on the endpoint.\">payloadType:formatCode</a><a name=\"Endpoint.payloadType\"> </a></td><td style=\"vertical-align: top; text-align : left; background-color: white; border: 0px #F0F0F0 solid; padding:0px 4px 0px 4px\" class=\"hierarchy\"/><td style=\"vertical-align: top; text-align : left; background-color: white; border: 0px #F0F0F0 solid; padding:0px 4px 0px 4px\" class=\"hierarchy\">0..*</td><td style=\"vertical-align: top; text-align : left; background-color: white; border: 0px #F0F0F0 solid; padding:0px 4px 0px 4px\" class=\"hierarchy\"><a style=\"opacity: 0.5\" href=\"http://hl7.org/fhir/R4/datatypes.html#CodeableConcept\">CodeableConcept</a></td><td style=\"vertical-align: top; text-align : left; background-color: white; border: 0px #F0F0F0 solid; padding:0px 4px 0px 4px\" class=\"hierarchy\">Specific information about payload type and version<br/><span style=\"font-weight:bold\">Binding: </span><a href=\"urn:oid:2.16.578.1.12.4.1.1.0000\">urn:oid:2.16.578.1.12.4.1.1.0000</a> (<a href=\"http://hl7.org/fhir/R4/terminologies.html#required\" title=\"To be conformant, the concept in this element SHALL be from the specified value set.\">required</a>)<br/></td></tr>\r\n<tr style=\"border: 0px #F0F0F0 solid; padding:0px; vertical-align: top; background-color: #F7F7F7\"><td style=\"vertical-align: top; text-align : left; background-color: #F7F7F7; border: 0px #F0F0F0 solid; padding:0px 4px 0px 4px; white-space: nowrap; background-image: url(tbl_bck10.png)\" class=\"hierarchy\"><img src=\"tbl_spacer.png\" alt=\".\" style=\"background-color: inherit\" class=\"hierarchy\"/><img src=\"tbl_vjoin.png\" alt=\".\" style=\"background-color: inherit\" class=\"hierarchy\"/><img src=\"icon_element.gif\" alt=\".\" style=\"background-color: #F7F7F7; background-color: inherit\" title=\"Element\" class=\"hierarchy\"/> <a href=\"StructureDefinition-no-basis-Endpoint-definitions.html#Endpoint.payloadMimeType\" title=\"no-basis: should we list relevant codes for ebXML messages? List appropriate media types for FHIR REST endpoints?\r\nXML: application/fhir+xml\r\nJSON: application/fhir+json\r\nRDF: application/fhir+turtle\r\nebXML messages: text/xml\r\n\r\nThe mime type to send the payload in - e.g. application/fhir+xml, application/fhir+json. If the mime type is not specified, then the sender could send any content (including no content depending on the connectionType).\">payloadMimeType</a><a name=\"Endpoint.payloadMimeType\"> </a></td><td style=\"vertical-align: top; text-align : left; background-color: #F7F7F7; border: 0px #F0F0F0 solid; padding:0px 4px 0px 4px\" class=\"hierarchy\"/><td style=\"vertical-align: top; text-align : left; background-color: #F7F7F7; border: 0px #F0F0F0 solid; padding:0px 4px 0px 4px\" class=\"hierarchy\"><span style=\"opacity: 0.5\">0</span><span style=\"opacity: 0.5\">..</span><span style=\"opacity: 0.5\">*</span></td><td style=\"vertical-align: top; text-align : left; background-color: #F7F7F7; border: 0px #F0F0F0 solid; padding:0px 4px 0px 4px\" class=\"hierarchy\"><a style=\"opacity: 0.5\" href=\"http://hl7.org/fhir/R4/datatypes.html#code\">code</a></td><td style=\"vertical-align: top; text-align : left; background-color: #F7F7F7; border: 0px #F0F0F0 solid; padding:0px 4px 0px 4px\" class=\"hierarchy\"><span style=\"opacity: 0.5\">Mimetype to send. If not specified, the content could be anything (including no payload, if the connectionType defined this)</span><br/><span style=\"font-weight:bold\">Binding: </span><a href=\"http://www.rfc-editor.org/bcp/bcp13.txt\">http://www.rfc-editor.org/bcp/bcp13.txt</a> (<a href=\"http://hl7.org/fhir/R4/terminologies.html#required\" title=\"To be conformant, the concept in this element SHALL be from the specified value set.\">required</a>)</td></tr>\r\n<tr style=\"border: 0px #F0F0F0 solid; padding:0px; vertical-align: top; background-color: white\"><td style=\"vertical-align: top; text-align : left; background-color: white; border: 0px #F0F0F0 solid; padding:0px 4px 0px 4px; white-space: nowrap; background-image: url(tbl_bck00.png)\" class=\"hierarchy\"><img src=\"tbl_spacer.png\" alt=\".\" style=\"background-color: inherit\" class=\"hierarchy\"/><img src=\"tbl_vjoin_end.png\" alt=\".\" style=\"background-color: inherit\" class=\"hierarchy\"/><img src=\"icon_element.gif\" alt=\".\" style=\"background-color: white; background-color: inherit\" title=\"Element\" class=\"hierarchy\"/> <a href=\"StructureDefinition-no-basis-Endpoint-definitions.html#Endpoint.address\" title=\"The uri that describes the actual end-point to connect to.\r\n\r\nno-basis: for ebXML messages in Norway one is expected to use mailto: prefix for the endpoint. \r\nFor AMQP messages in Norway one is expected to use &quot;ampq://&quot; or &quot;amqps://&quot; prefix.\r\nREST endpoints will have &quot;http://&quot; or &quot;https://&quot; prefix.\">address</a><a name=\"Endpoint.address\"> </a></td><td style=\"vertical-align: top; text-align : left; background-color: white; border: 0px #F0F0F0 solid; padding:0px 4px 0px 4px\" class=\"hierarchy\"/><td style=\"vertical-align: top; text-align : left; background-color: white; border: 0px #F0F0F0 solid; padding:0px 4px 0px 4px\" class=\"hierarchy\"><span style=\"opacity: 0.5\">1</span><span style=\"opacity: 0.5\">..</span><span style=\"opacity: 0.5\">1</span></td><td style=\"vertical-align: top; text-align : left; background-color: white; border: 0px #F0F0F0 solid; padding:0px 4px 0px 4px\" class=\"hierarchy\"><a style=\"opacity: 0.5\" href=\"http://hl7.org/fhir/R4/datatypes.html#url\">url</a></td><td style=\"vertical-align: top; text-align : left; background-color: white; border: 0px #F0F0F0 solid; padding:0px 4px 0px 4px\" class=\"hierarchy\"><span style=\"opacity: 0.5\">The technical base address for connecting to this endpoint</span><br/><span style=\"font-weight:bold\">Example amqp endpoint: </span><span style=\"color: darkgreen\">amqp_endpoint</span><br/><span style=\"font-weight:bold\">Example ebxml endpoint: </span><span style=\"color: darkgreen\">ebxml_endpoint</span><br/><span style=\"font-weight:bold\">Example REST endpoint: </span><span style=\"color: darkgreen\">REST_endpoint</span></td></tr>\r\n<tr><td colspan=\"5\" class=\"hierarchy\"><br/><a href=\"http://hl7.org/fhir/R4/formats.html#table\" title=\"Legend for this format\"><img src=\"http://hl7.org/fhir/R4/help16.png\" alt=\"doco\" style=\"background-color: inherit\"/> Documentation for this format</a></td></tr></table></div>"},"extension":[{"url":"http://hl7.org/fhir/StructureDefinition/structuredefinition-category","valueString":"Base.Entities"},{"url":"http://hl7.org/fhir/StructureDefinition/structuredefinition-security-category","valueCode":"business"}],"url":"http://hl7.no/fhir/no-basis/StructureDefinition/no-basis-Endpoint","version":"2.0.17-alpha","name":"NoBasisEndpoint","title":"no-basis-Endpoint","status":"active","date":"2019-05-15","description":"Basisprofil for Norwegian Endpoint information. Defined by The Norwegian Directorate of eHealth and HL7 Norway. The profile adds Norwegian specific identification of Endpoing. The basis profile is open, but derived profiles should close down the information elements according to specification relevant to the use-case.\n\nResource profile for definition of electronic endpoints used by healthcare organizations to communicate using different protocols. The norwegian profile use-case is to represent endpoints for electronic communication. Fallback solutions using mail or fax has to be indexed in the norwegian master index for healthcare organizations and are not described using this profile.","jurisdiction":[{"coding":[{"system":"urn:iso:std:iso:3166","code":"NO","display":"Norway"}]}],"fhirVersion":"4.0.1","mapping":[{"identity":"rim","uri":"http://hl7.org/v3","name":"RIM Mapping"},{"identity":"w5","uri":"http://hl7.org/fhir/fivews","name":"FiveWs Pattern Mapping"}],"kind":"resource","abstract":false,"type":"Endpoint","baseDefinition":"http://hl7.org/fhir/StructureDefinition/Endpoint","derivation":"constraint","snapshot":{"element":[{"id":"Endpoint","path":"Endpoint","short":"The technical details of an endpoint that can be used for electronic services","definition":"The no-basis profile of the Endpoint resource makes it possible to use the resource for the norwegian service based adressing (tjenestebasert adressering) and other adressing schemes.\r\n\r\nThe technical details of an endpoint that can be used for electronic services, such as for web services providing XDS.b or a REST endpoint for another FHIR server. This may include any security context information.","min":0,"max":"*","base":{"path":"Endpoint","min":0,"max":"*"},"constraint":[{"key":"dom-2","severity":"error","human":"If the resource is contained in another resource, it SHALL NOT contain nested Resources","expression":"contained.contained.empty()","xpath":"not(parent::f:contained and f:contained)","source":"http://hl7.org/fhir/StructureDefinition/DomainResource"},{"key":"dom-3","severity":"error","human":"If the resource is contained in another resource, it SHALL be referred to from elsewhere in the resource or SHALL refer to the containing resource","expression":"contained.where((('#'+id in (%resource.descendants().reference | %resource.descendants().as(canonical) | %resource.descendants().as(uri) | %resource.descendants().as(url))) or descendants().where(reference = '#').exists() or descendants().where(as(canonical) = '#').exists() or descendants().where(as(canonical) = '#').exists()).not()).trace('unmatched', id).empty()","xpath":"not(exists(for $id in f:contained/*/f:id/@value return $contained[not(parent::*/descendant::f:reference/@value=concat('#', $contained/*/id/@value) or descendant::f:reference[@value='#'])]))","source":"http://hl7.org/fhir/StructureDefinition/DomainResource"},{"key":"dom-4","severity":"error","human":"If a resource is contained in another resource, it SHALL NOT have a meta.versionId or a meta.lastUpdated","expression":"contained.meta.versionId.empty() and contained.meta.lastUpdated.empty()","xpath":"not(exists(f:contained/*/f:meta/f:versionId)) and not(exists(f:contained/*/f:meta/f:lastUpdated))","source":"http://hl7.org/fhir/StructureDefinition/DomainResource"},{"key":"dom-5","severity":"error","human":"If a resource is contained in another resource, it SHALL NOT have a security label","expression":"contained.meta.security.empty()","xpath":"not(exists(f:contained/*/f:meta/f:security))","source":"http://hl7.org/fhir/StructureDefinition/DomainResource"},{"extension":[{"url":"http://hl7.org/fhir/StructureDefinition/elementdefinition-bestpractice","valueBoolean":true},{"url":"http://hl7.org/fhir/StructureDefinition/elementdefinition-bestpractice-explanation","valueMarkdown":"When a resource has no narrative, only systems that fully understand the data can display the resource to a human safely. Including a human readable representation in the resource makes for a much more robust eco-system and cheaper handling of resources by intermediary systems. Some ecosystems restrict distribution of resources to only those systems that do fully understand the resources, and as a consequence implementers may believe that the narrative is superfluous. However experience shows that such eco-systems often open up to new participants over time."}],"key":"dom-6","severity":"warning","human":"A resource should have narrative for robust management","expression":"text.`div`.exists()","xpath":"exists(f:text/h:div)","source":"http://hl7.org/fhir/StructureDefinition/DomainResource"}],"isModifier":false,"isSummary":false,"mapping":[{"identity":"rim","map":"Entity. Role, or Act"},{"identity":"rim","map":"n/a"}]},{"id":"Endpoint.id","path":"Endpoint.id","short":"Logical id of this artifact","definition":"The logical id of the resource, as used in the URL for the resource. Once assigned, this value never changes.","comment":"The only time that a resource does not have an id is when it is being submitted to the server using a create operation.","min":0,"max":"1","base":{"path":"Resource.id","min":0,"max":"1"},"type":[{"extension":[{"url":"http://hl7.org/fhir/StructureDefinition/structuredefinition-fhir-type","valueUrl":"string"}],"code":"http://hl7.org/fhirpath/System.String"}],"isModifier":false,"isSummary":true},{"id":"Endpoint.meta","path":"Endpoint.meta","short":"Metadata about the resource","definition":"The metadata about the resource. This is content that is maintained by the infrastructure. Changes to the content might not always be associated with version changes to the resource.","min":0,"max":"1","base":{"path":"Resource.meta","min":0,"max":"1"},"type":[{"code":"Meta"}],"constraint":[{"key":"ele-1","severity":"error","human":"All FHIR elements must have a @value or children","expression":"hasValue() or (children().count() > id.count())","xpath":"@value|f:*|h:div","source":"http://hl7.org/fhir/StructureDefinition/Element"}],"isModifier":false,"isSummary":true},{"id":"Endpoint.implicitRules","path":"Endpoint.implicitRules","short":"A set of rules under which this content was created","definition":"A reference to a set of rules that were followed when the resource was constructed, and which must be understood when processing the content. Often, this is a reference to an implementation guide that defines the special rules along with other profiles etc.","comment":"Asserting this rule set restricts the content to be only understood by a limited set of trading partners. This inherently limits the usefulness of the data in the long term. However, the existing health eco-system is highly fractured, and not yet ready to define, collect, and exchange data in a generally computable sense. Wherever possible, implementers and/or specification writers should avoid using this element. Often, when used, the URL is a reference to an implementation guide that defines these special rules as part of it's narrative along with other profiles, value sets, etc.","min":0,"max":"1","base":{"path":"Resource.implicitRules","min":0,"max":"1"},"type":[{"code":"uri"}],"constraint":[{"key":"ele-1","severity":"error","human":"All FHIR elements must have a @value or children","expression":"hasValue() or (children().count() > id.count())","xpath":"@value|f:*|h:div","source":"http://hl7.org/fhir/StructureDefinition/Element"}],"isModifier":true,"isModifierReason":"This element is labeled as a modifier because the implicit rules may provide additional knowledge about the resource that modifies it's meaning or interpretation","isSummary":true},{"id":"Endpoint.language","path":"Endpoint.language","short":"Language of the resource content","definition":"The base language in which the resource is written.","comment":"Language is provided to support indexing and accessibility (typically, services such as text to speech use the language tag). The html language tag in the narrative applies  to the narrative. The language tag on the resource may be used to specify the language of other presentations generated from the data in the resource. Not all the content has to be in the base language. The Resource.language should not be assumed to apply to the narrative automatically. If a language is specified, it should it also be specified on the div element in the html (see rules in HTML5 for information about the relationship between xml:lang and the html lang attribute).","min":0,"max":"1","base":{"path":"Resource.language","min":0,"max":"1"},"type":[{"code":"code"}],"constraint":[{"key":"ele-1","severity":"error","human":"All FHIR elements must have a @value or children","expression":"hasValue() or (children().count() > id.count())","xpath":"@value|f:*|h:div","source":"http://hl7.org/fhir/StructureDefinition/Element"}],"isModifier":false,"isSummary":false,"binding":{"extension":[{"url":"http://hl7.org/fhir/StructureDefinition/elementdefinition-maxValueSet","valueCanonical":"http://hl7.org/fhir/ValueSet/all-languages"},{"url":"http://hl7.org/fhir/StructureDefinition/elementdefinition-bindingName","valueString":"Language"},{"url":"http://hl7.org/fhir/StructureDefinition/elementdefinition-isCommonBinding","valueBoolean":true}],"strength":"preferred","description":"A human language.","valueSet":"http://hl7.org/fhir/ValueSet/languages"}},{"id":"Endpoint.text","path":"Endpoint.text","short":"Text summary of the resource, for human interpretation","definition":"A human-readable narrative that contains a summary of the resource and can be used to represent the content of the resource to a human. The narrative need not encode all the structured data, but is required to contain sufficient detail to make it \"clinically safe\" for a human to just read the narrative. Resource definitions may define what content should be represented in the narrative to ensure clinical safety.","comment":"Contained resources do not have narrative. Resources that are not contained SHOULD have a narrative. In some cases, a resource may only have text with little or no additional discrete data (as long as all minOccurs=1 elements are satisfied).  This may be necessary for data from legacy systems where information is captured as a \"text blob\" or where text is additionally entered raw or narrated and encoded information is added later.","alias":["narrative","html","xhtml","display"],"min":0,"max":"1","base":{"path":"DomainResource.text","min":0,"max":"1"},"type":[{"code":"Narrative"}],"constraint":[{"key":"ele-1","severity":"error","human":"All FHIR elements must have a @value or children","expression":"hasValue() or (children().count() > id.count())","xpath":"@value|f:*|h:div","source":"http://hl7.org/fhir/StructureDefinition/Element"}],"isModifier":false,"isSummary":false,"mapping":[{"identity":"rim","map":"Act.text?"}]},{"id":"Endpoint.contained","path":"Endpoint.contained","short":"Contained, inline Resources","definition":"These resources do not have an independent existence apart from the resource that contains them - they cannot be identified independently, and nor can they have their own independent transaction scope.","comment":"This should never be done when the content can be identified properly, as once identification is lost, it is extremely difficult (and context dependent) to restore it again. Contained resources may have profiles and tags In their meta elements, but SHALL NOT have security labels.","alias":["inline resources","anonymous resources","contained resources"],"min":0,"max":"*","base":{"path":"DomainResource.contained","min":0,"max":"*"},"type":[{"code":"Resource"}],"isModifier":false,"isSummary":false,"mapping":[{"identity":"rim","map":"N/A"}]},{"id":"Endpoint.extension","path":"Endpoint.extension","short":"Additional content defined by implementations","definition":"May be used to represent additional information that is not part of the basic definition of the resource. To make the use of extensions safe and manageable, there is a strict set of governance  applied to the definition and use of extensions. Though any implementer can define an extension, there is a set of requirements that SHALL be met as part of the definition of the extension.","comment":"There can be no stigma associated with the use of extensions by any application, project, or standard - regardless of the institution or jurisdiction that uses or defines the extensions.  The use of extensions is what allows the FHIR specification to retain a core level of simplicity for everyone.","alias":["extensions","user content"],"min":0,"max":"*","base":{"path":"DomainResource.extension","min":0,"max":"*"},"type":[{"code":"Extension"}],"constraint":[{"key":"ele-1","severity":"error","human":"All FHIR elements must have a @value or children","expression":"hasValue() or (children().count() > id.count())","xpath":"@value|f:*|h:div","source":"http://hl7.org/fhir/StructureDefinition/Element"},{"key":"ext-1","severity":"error","human":"Must have either extensions or value[x], not both","expression":"extension.exists() != value.exists()","xpath":"exists(f:extension)!=exists(f:*[starts-with(local-name(.), \"value\")])","source":"http://hl7.org/fhir/StructureDefinition/Extension"}],"isModifier":false,"isSummary":false,"mapping":[{"identity":"rim","map":"N/A"}]},{"id":"Endpoint.modifierExtension","path":"Endpoint.modifierExtension","short":"Extensions that cannot be ignored","definition":"May be used to represent additional information that is not part of the basic definition of the resource and that modifies the understanding of the element that contains it and/or the understanding of the containing element's descendants. Usually modifier elements provide negation or qualification. To make the use of extensions safe and manageable, there is a strict set of governance applied to the definition and use of extensions. Though any implementer is allowed to define an extension, there is a set of requirements that SHALL be met as part of the definition of the extension. Applications processing a resource are required to check for modifier extensions.\n\nModifier extensions SHALL NOT change the meaning of any elements on Resource or DomainResource (including cannot change the meaning of modifierExtension itself).","comment":"There can be no stigma associated with the use of extensions by any application, project, or standard - regardless of the institution or jurisdiction that uses or defines the extensions.  The use of extensions is what allows the FHIR specification to retain a core level of simplicity for everyone.","requirements":"Modifier extensions allow for extensions that *cannot* be safely ignored to be clearly distinguished from the vast majority of extensions which can be safely ignored.  This promotes interoperability by eliminating the need for implementers to prohibit the presence of extensions. For further information, see the [definition of modifier extensions](http://hl7.org/fhir/R4/extensibility.html#modifierExtension).","alias":["extensions","user content"],"min":0,"max":"*","base":{"path":"DomainResource.modifierExtension","min":0,"max":"*"},"type":[{"code":"Extension"}],"constraint":[{"key":"ele-1","severity":"error","human":"All FHIR elements must have a @value or children","expression":"hasValue() or (children().count() > id.count())","xpath":"@value|f:*|h:div","source":"http://hl7.org/fhir/StructureDefinition/Element"},{"key":"ext-1","severity":"error","human":"Must have either extensions or value[x], not both","expression":"extension.exists() != value.exists()","xpath":"exists(f:extension)!=exists(f:*[starts-with(local-name(.), \"value\")])","source":"http://hl7.org/fhir/StructureDefinition/Extension"}],"isModifier":true,"isModifierReason":"Modifier extensions are expected to modify the meaning or interpretation of the resource that contains them","isSummary":false,"mapping":[{"identity":"rim","map":"N/A"}]},{"id":"Endpoint.identifier","path":"Endpoint.identifier","short":"Identifies this endpoint across multiple systems","definition":"Identifier for the organization that is used to identify the endpoint across multiple disparate systems.","comment":"no-basis: Adresseregisteret do not provide a identifier for the Endpoints, so any identifier scheme is apropriate.","min":0,"max":"*","base":{"path":"Endpoint.identifier","min":0,"max":"*"},"type":[{"code":"Identifier"}],"constraint":[{"key":"ele-1","severity":"error","human":"All FHIR elements must have a @value or children","expression":"hasValue() or (children().count() > id.count())","xpath":"@value|f:*|h:div","source":"http://hl7.org/fhir/StructureDefinition/Element"}],"isModifier":false,"isSummary":true,"mapping":[{"identity":"w5","map":"FiveWs.identifier"},{"identity":"rim","map":"n/a"}]},{"id":"Endpoint.status","path":"Endpoint.status","short":"active | suspended | error | off | entered-in-error | test","definition":"active | suspended | error | off | test.","comment":"This element is labeled as a modifier because the status contains codes that mark the endpoint as not currently valid.","min":1,"max":"1","base":{"path":"Endpoint.status","min":1,"max":"1"},"type":[{"code":"code"}],"constraint":[{"key":"ele-1","severity":"error","human":"All FHIR elements must have a @value or children","expression":"hasValue() or (children().count() > id.count())","xpath":"@value|f:*|h:div","source":"http://hl7.org/fhir/StructureDefinition/Element"}],"isModifier":true,"isModifierReason":"This element is labelled as a modifier because it is a status element that contains status entered-in-error which means that the resource should not be treated as valid","isSummary":true,"binding":{"extension":[{"url":"http://hl7.org/fhir/StructureDefinition/elementdefinition-bindingName","valueString":"EndpointStatus"}],"strength":"required","description":"The status of the endpoint.","valueSet":"http://hl7.org/fhir/ValueSet/endpoint-status|4.0.1"},"mapping":[{"identity":"w5","map":"FiveWs.status"},{"identity":"rim","map":"n/a"}]},{"id":"Endpoint.connectionType","path":"Endpoint.connectionType","short":"Protocol/Profile/Standard to be used with this endpoint connection","definition":"no-basis:  the connection type should be coded according to http://hl7.org/fhir/ValueSet/endpoint-connection-type. However specific connection types used in Norway can be coded according to http://hl7.no/fhir/ValueSet/no-basis-endpoint-connection-type (amqp, ebxml etc.)\r\n\r\nA coded value that represents the technical details of the usage of this endpoint, such as what WSDLs should be used in what way. (e.g. XDS.b/DICOM/cds-hook).","comment":"For additional connectivity details for the protocol, extensions will be used at this point, as in the XDS example.","min":1,"max":"1","base":{"path":"Endpoint.connectionType","min":1,"max":"1"},"type":[{"code":"Coding"}],"constraint":[{"key":"ele-1","severity":"error","human":"All FHIR elements must have a @value or children","expression":"hasValue() or (children().count() > id.count())","xpath":"@value|f:*|h:div","source":"http://hl7.org/fhir/StructureDefinition/Element"}],"isModifier":false,"isSummary":true,"binding":{"strength":"extensible","valueSet":"http://hl7.no/fhir/ValueSet/no-basis-connection-type"},"mapping":[{"identity":"w5","map":"FiveWs.class"},{"identity":"rim","map":"n/a"}]},{"id":"Endpoint.name","path":"Endpoint.name","short":"A name that this endpoint can be identified by","definition":"A friendly name that this endpoint can be referred to with.","min":0,"max":"1","base":{"path":"Endpoint.name","min":0,"max":"1"},"type":[{"code":"string"}],"constraint":[{"key":"ele-1","severity":"error","human":"All FHIR elements must have a @value or children","expression":"hasValue() or (children().count() > id.count())","xpath":"@value|f:*|h:div","source":"http://hl7.org/fhir/StructureDefinition/Element"}],"isModifier":false,"isSummary":true,"mapping":[{"identity":"w5","map":"FiveWs.what[x]"},{"identity":"rim","map":"n/a"}]},{"id":"Endpoint.managingOrganization","path":"Endpoint.managingOrganization","short":"Organization that manages this endpoint (might not be the organization that exposes the endpoint)","definition":"The organization that manages this endpoint (even if technically another organisation is hosting this in the cloud, it is the organisation associated with the data).\r\n\r\nno-basis: In Norway this relates to the organization with the responsibility for the data e.g. \"dataansvarlig\".\r\nno-basis recommends the use of logical reference to an organization using ENH or RSH. To describe a top level organization. Departments within an organization could use a different reference scheme defined by the organization.","comment":"This property is not typically used when searching for Endpoint resources for usage. The typical usage is via the reference from an applicable Organization/Location/Practitioner resource, which is where the context is provided. Multiple Locations may reference a single endpoint, and don't have to be within the same organization resource, but most likely within the same organizational hierarchy.","alias":["dataansvarlig"],"min":0,"max":"1","base":{"path":"Endpoint.managingOrganization","min":0,"max":"1"},"type":[{"code":"Reference","targetProfile":["http://hl7.org/fhir/StructureDefinition/Organization","http://hl7.no/fhir/no-basis/StructureDefinition/no-basis-Organization"]}],"constraint":[{"key":"ele-1","severity":"error","human":"All FHIR elements must have a @value or children","expression":"hasValue() or (children().count() > id.count())","xpath":"@value|f:*|h:div","source":"http://hl7.org/fhir/StructureDefinition/Element"}],"isModifier":false,"isSummary":true,"mapping":[{"identity":"rim","map":"n/a"}]},{"id":"Endpoint.contact","path":"Endpoint.contact","short":"Contact details for source (e.g. troubleshooting)","definition":"Contact details for a human to contact about the subscription. The primary use of this for system administrator troubleshooting.","min":0,"max":"*","base":{"path":"Endpoint.contact","min":0,"max":"*"},"type":[{"code":"ContactPoint"}],"constraint":[{"key":"ele-1","severity":"error","human":"All FHIR elements must have a @value or children","expression":"hasValue() or (children().count() > id.count())","xpath":"@value|f:*|h:div","source":"http://hl7.org/fhir/StructureDefinition/Element"}],"isModifier":false,"isSummary":false,"mapping":[{"identity":"rim","map":"n/a"}]},{"id":"Endpoint.period","path":"Endpoint.period","short":"Interval the endpoint is expected to be operational","definition":"The interval during which the endpoint is expected to be operational.","min":0,"max":"1","base":{"path":"Endpoint.period","min":0,"max":"1"},"type":[{"code":"Period"}],"constraint":[{"key":"ele-1","severity":"error","human":"All FHIR elements must have a @value or children","expression":"hasValue() or (children().count() > id.count())","xpath":"@value|f:*|h:div","source":"http://hl7.org/fhir/StructureDefinition/Element"}],"isModifier":false,"isSummary":true,"mapping":[{"identity":"w5","map":"FiveWs.done[x]"},{"identity":"rim","map":"n/a"}]},{"id":"Endpoint.payloadType","path":"Endpoint.payloadType","slicing":{"discriminator":[{"type":"value","path":"coding.system"}],"rules":"open"},"short":"The type of content that may be used at this endpoint (e.g. XDS Discharge summaries)","definition":"no-basis: for ebXML and AMQP messages in Norway one is expected to list all mesage types that the endpoint supports using the CodeSystem Meldingens funksjon (OID=8279) as a minimum. To describe complete version information to determine the type and version of the messages the endpoint supports, a CapabilityStatement can be used to describe the endpoints communication capabilities in detail.\r\nREST endpoints are expected to use the code \"any\" from https://www.hl7.org/fhir/codesystem-endpoint-payload-type.html. Proper FHIR Restful API's are expected to serve a CapabilityStatement from the base uri specified.\r\nOther payload types can be given using codes from the ValueSet http://hl7.org/fhir/ValueSet/endpoint-payload-type. \r\n\r\nThe payload type describes the acceptable content that can be communicated on the endpoint.","comment":"The payloadFormat describes the serialization format of the data, where the payloadType indicates the specific document/schema that is being transferred; e.g. DischargeSummary or CarePlan.","min":1,"max":"*","base":{"path":"Endpoint.payloadType","min":1,"max":"*"},"type":[{"code":"CodeableConcept"}],"constraint":[{"key":"ele-1","severity":"error","human":"All FHIR elements must have a @value or children","expression":"hasValue() or (children().count() > id.count())","xpath":"@value|f:*|h:div","source":"http://hl7.org/fhir/StructureDefinition/Element"}],"isModifier":false,"isSummary":true,"binding":{"extension":[{"url":"http://hl7.org/fhir/StructureDefinition/elementdefinition-bindingName","valueString":"PayloadType"}],"strength":"example","valueSet":"http://hl7.org/fhir/ValueSet/endpoint-payload-type"},"mapping":[{"identity":"rim","map":"n/a"}]},{"id":"Endpoint.payloadType:meldingensFunksjon","path":"Endpoint.payloadType","sliceName":"meldingensFunksjon","short":"The type of content that may be used at this endpoint (e.g. XDS Discharge summaries)","definition":"no-basis: for ebXML and AMQP messages in Norway one is expected to list all mesage types that the endpoint supports using the CodeSystem Meldingens funksjon (OID=8279). Version information (version of the payload document) shold be given in the coding.version element.\r\n\r\nThe payload type describes the acceptable content that can be communicated on the endpoint.","comment":"The payloadFormat describes the serialization format of the data, where the payloadType indicates the specific document/schema that is being transferred; e.g. DischargeSummary or CarePlan.","min":0,"max":"*","base":{"path":"Endpoint.payloadType","min":1,"max":"*"},"type":[{"code":"CodeableConcept"}],"constraint":[{"key":"ele-1","severity":"error","human":"All FHIR elements must have a @value or children","expression":"hasValue() or (children().count() > id.count())","xpath":"@value|f:*|h:div","source":"http://hl7.org/fhir/StructureDefinition/Element"}],"isModifier":false,"isSummary":true,"binding":{"strength":"required","valueSet":"urn:oid:2.16.578.1.12.4.1.1.8279"},"mapping":[{"identity":"rim","map":"n/a"}]},{"id":"Endpoint.payloadType:formatCode","path":"Endpoint.payloadType","sliceName":"formatCode","short":"Specific information about payload type and version","definition":"no-basis: Specific information about payload type and version. Information about the payload type and version for ebxml and amqp messages\r\n\r\nThe payload type describes the acceptable content that can be communicated on the endpoint.","comment":"The payloadFormat describes the serialization format of the data, where the payloadType indicates the specific document/schema that is being transferred; e.g. DischargeSummary or CarePlan.","min":0,"max":"*","base":{"path":"Endpoint.payloadType","min":1,"max":"*"},"type":[{"code":"CodeableConcept"}],"constraint":[{"key":"ele-1","severity":"error","human":"All FHIR elements must have a @value or children","expression":"hasValue() or (children().count() > id.count())","xpath":"@value|f:*|h:div","source":"http://hl7.org/fhir/StructureDefinition/Element"}],"isModifier":false,"isSummary":true,"binding":{"strength":"required","valueSet":"urn:oid:2.16.578.1.12.4.1.1.0000"},"mapping":[{"identity":"rim","map":"n/a"}]},{"id":"Endpoint.payloadMimeType","path":"Endpoint.payloadMimeType","short":"Mimetype to send. If not specified, the content could be anything (including no payload, if the connectionType defined this)","definition":"no-basis: should we list relevant codes for ebXML messages? List appropriate media types for FHIR REST endpoints?\r\nXML: application/fhir+xml\r\nJSON: application/fhir+json\r\nRDF: application/fhir+turtle\r\nebXML messages: text/xml\r\n\r\nThe mime type to send the payload in - e.g. application/fhir+xml, application/fhir+json. If the mime type is not specified, then the sender could send any content (including no content depending on the connectionType).","comment":"Sending the payload has obvious security consequences. The server is responsible for ensuring that the content is appropriately secured.","min":0,"max":"*","base":{"path":"Endpoint.payloadMimeType","min":0,"max":"*"},"type":[{"code":"code"}],"constraint":[{"key":"ele-1","severity":"error","human":"All FHIR elements must have a @value or children","expression":"hasValue() or (children().count() > id.count())","xpath":"@value|f:*|h:div","source":"http://hl7.org/fhir/StructureDefinition/Element"}],"isModifier":false,"isSummary":true,"binding":{"strength":"required","valueSet":"http://www.rfc-editor.org/bcp/bcp13.txt"},"mapping":[{"identity":"rim","map":"n/a"}]},{"id":"Endpoint.address","path":"Endpoint.address","short":"The technical base address for connecting to this endpoint","definition":"The uri that describes the actual end-point to connect to.\r\n\r\nno-basis: for ebXML messages in Norway one is expected to use mailto: prefix for the endpoint. \r\nFor AMQP messages in Norway one is expected to use \"ampq://\" or \"amqps://\" prefix.\r\nREST endpoints will have \"http://\" or \"https://\" prefix.","comment":"For rest-hook, and websocket, the end-point must be an http: or https: URL; for email, a mailto: url, for sms, a tel: url, and for message the endpoint can be in any form of url the server understands (usually, http: or mllp:). The URI is allowed to be relative; in which case, it is relative to the server end-point (since there may be more than one, clients should avoid using relative URIs)\n\nThis address will be to the service base, without any parameters, or sub-services or resources tacked on.\n\nE.g. for a WADO-RS endpoint, the url should be \"https://pacs.hospital.org/wado-rs\"\n\nand not \"https://pacs.hospital.org/wado-rs/studies/1.2.250.1.59.40211.12345678.678910/series/1.2.250.1.59.40211.789001276.14556172.67789/instances/...\".","min":1,"max":"1","base":{"path":"Endpoint.address","min":1,"max":"1"},"type":[{"code":"url"}],"example":[{"label":"amqp endpoint","valueUrl":"amqp_endpoint"},{"label":"ebxml endpoint","valueUrl":"ebxml_endpoint"},{"label":"REST endpoint","valueUrl":"REST_endpoint"}],"constraint":[{"key":"ele-1","severity":"error","human":"All FHIR elements must have a @value or children","expression":"hasValue() or (children().count() > id.count())","xpath":"@value|f:*|h:div","source":"http://hl7.org/fhir/StructureDefinition/Element"}],"isModifier":false,"isSummary":true,"mapping":[{"identity":"rim","map":"n/a"}]},{"id":"Endpoint.header","path":"Endpoint.header","short":"Usage depends on the channel type","definition":"Additional headers / information to send as part of the notification.","comment":"Exactly what these mean depends on the channel type. The can convey additional information to the recipient and/or meet security requirements.","min":0,"max":"*","base":{"path":"Endpoint.header","min":0,"max":"*"},"type":[{"code":"string"}],"constraint":[{"key":"ele-1","severity":"error","human":"All FHIR elements must have a @value or children","expression":"hasValue() or (children().count() > id.count())","xpath":"@value|f:*|h:div","source":"http://hl7.org/fhir/StructureDefinition/Element"}],"isModifier":false,"isSummary":false}]},"differential":{"element":[{"id":"Endpoint","path":"Endpoint","definition":"The no-basis profile of the Endpoint resource makes it possible to use the resource for the norwegian service based adressing (tjenestebasert adressering) and other adressing schemes.\r\n\r\nThe technical details of an endpoint that can be used for electronic services, such as for web services providing XDS.b or a REST endpoint for another FHIR server. This may include any security context information."},{"id":"Endpoint.identifier","path":"Endpoint.identifier","comment":"no-basis: Adresseregisteret do not provide a identifier for the Endpoints, so any identifier scheme is apropriate."},{"id":"Endpoint.connectionType","path":"Endpoint.connectionType","definition":"no-basis:  the connection type should be coded according to http://hl7.org/fhir/ValueSet/endpoint-connection-type. However specific connection types used in Norway can be coded according to http://hl7.no/fhir/ValueSet/no-basis-endpoint-connection-type (amqp, ebxml etc.)\r\n\r\nA coded value that represents the technical details of the usage of this endpoint, such as what WSDLs should be used in what way. (e.g. XDS.b/DICOM/cds-hook).","binding":{"strength":"extensible","valueSet":"http://hl7.no/fhir/ValueSet/no-basis-connection-type"}},{"id":"Endpoint.managingOrganization","path":"Endpoint.managingOrganization","definition":"The organization that manages this endpoint (even if technically another organisation is hosting this in the cloud, it is the organisation associated with the data).\r\n\r\nno-basis: In Norway this relates to the organization with the responsibility for the data e.g. \"dataansvarlig\".\r\nno-basis recommends the use of logical reference to an organization using ENH or RSH. To describe a top level organization. Departments within an organization could use a different reference scheme defined by the organization.","alias":["dataansvarlig"],"type":[{"code":"Reference","targetProfile":["http://hl7.org/fhir/StructureDefinition/Organization","http://hl7.no/fhir/no-basis/StructureDefinition/no-basis-Organization"]}]},{"id":"Endpoint.payloadType","path":"Endpoint.payloadType","slicing":{"discriminator":[{"type":"value","path":"coding.system"}],"rules":"open"},"definition":"no-basis: for ebXML and AMQP messages in Norway one is expected to list all mesage types that the endpoint supports using the CodeSystem Meldingens funksjon (OID=8279) as a minimum. To describe complete version information to determine the type and version of the messages the endpoint supports, a CapabilityStatement can be used to describe the endpoints communication capabilities in detail.\r\nREST endpoints are expected to use the code \"any\" from https://www.hl7.org/fhir/codesystem-endpoint-payload-type.html. Proper FHIR Restful API's are expected to serve a CapabilityStatement from the base uri specified.\r\nOther payload types can be given using codes from the ValueSet http://hl7.org/fhir/ValueSet/endpoint-payload-type. \r\n\r\nThe payload type describes the acceptable content that can be communicated on the endpoint."},{"id":"Endpoint.payloadType:meldingensFunksjon","path":"Endpoint.payloadType","sliceName":"meldingensFunksjon","definition":"no-basis: for ebXML and AMQP messages in Norway one is expected to list all mesage types that the endpoint supports using the CodeSystem Meldingens funksjon (OID=8279). Version information (version of the payload document) shold be given in the coding.version element.\r\n\r\nThe payload type describes the acceptable content that can be communicated on the endpoint.","min":0,"max":"*","binding":{"strength":"required","valueSet":"urn:oid:2.16.578.1.12.4.1.1.8279"}},{"id":"Endpoint.payloadType:formatCode","path":"Endpoint.payloadType","sliceName":"formatCode","short":"Specific information about payload type and version","definition":"no-basis: Specific information about payload type and version. Information about the payload type and version for ebxml and amqp messages\r\n\r\nThe payload type describes the acceptable content that can be communicated on the endpoint.","min":0,"max":"*","binding":{"strength":"required","valueSet":"urn:oid:2.16.578.1.12.4.1.1.0000"}},{"id":"Endpoint.payloadMimeType","path":"Endpoint.payloadMimeType","definition":"no-basis: should we list relevant codes for ebXML messages? List appropriate media types for FHIR REST endpoints?\r\nXML: application/fhir+xml\r\nJSON: application/fhir+json\r\nRDF: application/fhir+turtle\r\nebXML messages: text/xml\r\n\r\nThe mime type to send the payload in - e.g. application/fhir+xml, application/fhir+json. If the mime type is not specified, then the sender could send any content (including no content depending on the connectionType).","binding":{"strength":"required","valueSet":"http://www.rfc-editor.org/bcp/bcp13.txt"}},{"id":"Endpoint.address","path":"Endpoint.address","definition":"The uri that describes the actual end-point to connect to.\r\n\r\nno-basis: for ebXML messages in Norway one is expected to use mailto: prefix for the endpoint. \r\nFor AMQP messages in Norway one is expected to use \"ampq://\" or \"amqps://\" prefix.\r\nREST endpoints will have \"http://\" or \"https://\" prefix.","example":[{"label":"amqp endpoint","valueUrl":"amqp_endpoint"},{"label":"ebxml endpoint","valueUrl":"ebxml_endpoint"},{"label":"REST endpoint","valueUrl":"REST_endpoint"}]}]}}