{"resourceType":"ValueSet","id":"no-basis-parental-responsibility.valueset","meta":{"versionId":"1","lastUpdated":"2018-10-16T10:48:46.366+00:00"},"text":{"status":"generated","div":"<div xmlns=\"http://www.w3.org/1999/xhtml\"><ul><li>Include all codes defined in <a href=\"CodeSystem-no-basis-parental-responsibility.codesystem.html\"><code>http://hl7.no/fhir/CodeSystem/no-basis-parental-responsibility</code></a></li></ul></div>"},"url":"http://hl7.no/fhir/ValueSet/no-basis-parental-responsibility","version":"2.1.1","name":"NoBasisParentalResponsibility","title":"no-basis-parental-responsibility.valueset","status":"active","experimental":true,"date":"2018-10-26T10:48:45.936+00:00","publisher":"Direktoratet for e-helse","description":"Copy of Codes from Foreldreansvar defined by Skatteetaten","jurisdiction":[{"coding":[{"system":"urn:iso:std:iso:3166","code":"NO","display":"Norway"}]}],"immutable":false,"compose":{"include":[{"system":"http://hl7.no/fhir/CodeSystem/no-basis-parental-responsibility"}]}}