{
  "resourceType": "NamingSystem",
  "id": "no-basis-felleshjelpenummer",
  "meta": {
    "versionId": "1.0"
  },
  "text": {
    "status": "generated",
    "div": "<div xmlns=\"http://www.w3.org/1999/xhtml\"><h3>Summary</h3><table class=\"grid\"><tr><td>Defining URL</td><td>http://hl7.no/fhir/NamingSystem/no-basis-felleshjelpenummer</td></tr><tr><td>Version</td><td>2.1.0</td></tr><tr><td>Name</td><td>FellesHjelpenummer</td></tr><tr><td>Status</td><td>active</td></tr><tr><td>Definition</td><td><div><p>Felles hjelpenummer is one possible patient identification number administered by Norsk Helsenett. The norwegian felles hjelpenummer is a 11-digit number containing two control digits. The number shoud only be used when the Fødselsnummer and D-number is unknown.</p>\n</div></td></tr><tr><td>Publisher</td><td>Direktoratet for e-helse</td></tr></table><h3>Identifiers</h3><table class=\"grid\"><tr><td><b>Type</b></td><td><b>Value</b></td><td><b>Preferred</b></td></tr><tr><td>URI</td><td>http://hl7.no/fhir/NamingSystem/FHNR</td><td>false</td></tr><tr><td>OID</td><td>2.16.578.1.12.4.1.4.3</td><td>true</td></tr></table></div>"
  },
  "name": "FellesHjelpenummer",
  "status": "active",
  "kind": "identifier",
  "date": "2018-10-26",
  "publisher": "Direktoratet for e-helse",
  "responsible": "Norsk helsenett",
  "description": "Felles hjelpenummer is one possible patient identification number administered by Norsk Helsenett. The norwegian felles hjelpenummer is a 11-digit number containing two control digits. The number shoud only be used when the Fødselsnummer and D-number is unknown.",
  "jurisdiction": [
    {
      "coding": [
        {
          "system": "urn:iso:std:iso:3166",
          "code": "NO",
          "display": "Norway"
        }
      ]
    }
  ],
  "uniqueId": [
    {
      "type": "uri",
      "value": "http://hl7.no/fhir/NamingSystem/FHNR",
      "preferred": false
    },
    {
      "type": "oid",
      "value": "2.16.578.1.12.4.1.4.3",
      "preferred": true
    }
  ]
}