{
  "resourceType": "NamingSystem",
  "id": "no-basis-kommunenummer",
  "meta": {
    "versionId": "1.0"
  },
  "text": {
    "status": "generated",
    "div": "<div xmlns=\"http://www.w3.org/1999/xhtml\"><h3>Summary</h3><table class=\"grid\"><tr><td>Defining URL</td><td>http://hl7.no/fhir/no-basis/NamingSystem/no-basis-kommunenummer</td></tr><tr><td>Version</td><td>2.0.17-alpha</td></tr><tr><td>Name</td><td>Kommunenummer</td></tr><tr><td>Status</td><td>active</td></tr><tr><td>Definition</td><td><div><p>Nummerering av kommuner i henhold til SSB sin offisielle liste. Inneholder fremtidige, gyldige og utgåtte kommunenummer.</p>\n</div></td></tr><tr><td>Publisher</td><td>Direktoratet for e-helse</td></tr></table><h3>Identifiers</h3><table class=\"grid\"><tr><td><b>Type</b></td><td><b>Value</b></td><td><b>Preferred</b></td></tr><tr><td>URI</td><td>http://hl7.no/fhir/NamingSystem/kommunenummer</td><td>false</td></tr><tr><td>URI</td><td>https://register.geonorge.no/subregister/sosi-kodelister/kartverket/kommunenummer-alle</td><td>true</td></tr><tr><td>URI</td><td>urn:oid:2.16.578.1.12.4.1.1.3402</td><td>false</td></tr></table></div>"
  },
  "name": "Kommunenummer",
  "status": "active",
  "kind": "identifier",
  "date": "2018-10-26",
  "publisher": "Direktoratet for e-helse",
  "responsible": "Statistisk sentralbyrå",
  "description": "Nummerering av kommuner i henhold til SSB sin offisielle liste. Inneholder fremtidige, gyldige og utgåtte kommunenummer.",
  "jurisdiction": [
    {
      "coding": [
        {
          "system": "urn:iso:std:iso:3166",
          "code": "NO",
          "display": "Norway"
        }
      ]
    }
  ],
  "uniqueId": [
    {
      "type": "uri",
      "value": "http://hl7.no/fhir/NamingSystem/kommunenummer",
      "preferred": false
    },
    {
      "type": "uri",
      "value": "https://register.geonorge.no/subregister/sosi-kodelister/kartverket/kommunenummer-alle",
      "preferred": true
    },
    {
      "type": "uri",
      "value": "urn:oid:2.16.578.1.12.4.1.1.3402",
      "preferred": false
    }
  ]
}