{
  "resourceType": "NamingSystem",
  "id": "no-basis-icpc-2",
  "meta": {
    "versionId": "2.1.1"
  },
  "text": {
    "status": "generated",
    "div": "<div xmlns=\"http://www.w3.org/1999/xhtml\"><h3>Summary</h3><table class=\"grid\"><tr><td>Defining URL</td><td>http://hl7.no/fhir/NamingSystem/no-basis-icpc-2</td></tr><tr><td>Version</td><td>2.1.1</td></tr><tr><td>Name</td><td>NoBasisICPC2</td></tr><tr><td>Status</td><td>active</td></tr><tr><td>Definition</td><td><div><p>In Norway primary care uses ICPC-2 to document contact-reason, health related problem and diagnosis.</p>\n</div></td></tr><tr><td>Publisher</td><td>HL7 Norway</td></tr></table><h3>Identifiers</h3><table class=\"grid\"><tr><td><b>Type</b></td><td><b>Value</b></td><td><b>Preferred</b></td><td><b>Comment</b></td></tr><tr><td>URI</td><td>http://hl7.org/fhir/sid/icpc-2</td><td>true</td><td/></tr><tr><td>OID</td><td>2.16.840.1.113883.6.139</td><td>false</td><td/></tr><tr><td>OID</td><td>2.16.578.1.12.4.1.1.7170</td><td>false</td><td>Volven oid for ICPC-2 codesystem for use in Norwegian legacy implementations.</td></tr></table></div>"
  },
  "name": "NoBasisICPC2",
  "status": "active",
  "kind": "codesystem",
  "date": "2021-11-02",
  "publisher": "HL7 Norway",
  "responsible": "Wonca International Classification Committee (WICC)",
  "description": "In Norway primary care uses ICPC-2 to document contact-reason, health related problem and diagnosis.",
  "jurisdiction": [
    {
      "coding": [
        {
          "system": "urn:iso:std:iso:3166",
          "code": "NO",
          "display": "Norway"
        }
      ]
    }
  ],
  "uniqueId": [
    {
      "type": "uri",
      "value": "http://hl7.org/fhir/sid/icpc-2",
      "preferred": true
    },
    {
      "type": "oid",
      "value": "2.16.840.1.113883.6.139",
      "preferred": false
    },
    {
      "type": "oid",
      "value": "2.16.578.1.12.4.1.1.7170",
      "preferred": false,
      "comment": "Volven oid for ICPC-2 codesystem for use in Norwegian legacy implementations."
    }
  ]
}