{
  "resourceType": "Patient",
  "id": "GOFSH-GENERATED-ID-2",
  "meta": {
    "profile": [
      "http://hl7.no/fhir/no-basis/StructureDefinition/no-basis-Patient"
    ]
  },
  "text": {
    "status": "extensions",
    "div": "<div xmlns=\"http://www.w3.org/1999/xhtml\"><p><b>Generated Narrative</b></p><blockquote><p><b>citizenship</b></p><p><b>value</b>: <span title=\"Codes: {urn:iso:std:iso:3166 NO}\">Norway</span></p></blockquote><p><b>identifier</b>: id: 210377xxxxx</p><p><b>name</b>: Espen Eksempel </p><p><b>telecom</b>: <a href=\"tel:+4798216832\">+4798216832</a></p><p><b>gender</b>: male</p><p><b>address</b>: Stålverkskroken 14 Oslo 0661 NO (HOME)</p><p><b>maritalStatus</b>: <span title=\"Codes: {http://terminology.hl7.org/CodeSystem/v3-MaritalStatus U}\">unmarried</span></p><h3>Communications</h3><table class=\"grid\"><tr><td>-</td><td><b>Language</b></td></tr><tr><td>*</td><td><span title=\"Codes: \">Norsk</span></td></tr></table><p><b>generalPractitioner</b>: <span>SIDSEL AASE JAVERY</span></p></div>"
  },
  "extension": [
    {
      "extension": [
        {
          "url": "code",
          "valueCodeableConcept": {
            "coding": [
              {
                "system": "urn:iso:std:iso:3166",
                "code": "NO"
              }
            ]
          }
        }
      ],
      "url": "http://hl7.org/fhir/StructureDefinition/patient-citizenship"
    }
  ],
  "identifier": [
    {
      "system": "urn:oid:2.16.578.1.12.4.1.4.1",
      "value": "210377xxxxx"
    }
  ],
  "name": [
    {
      "family": "Eksempel",
      "given": [
        "Espen"
      ]
    }
  ],
  "telecom": [
    {
      "system": "phone",
      "value": "+4798216832",
      "use": "home"
    }
  ],
  "gender": "male",
  "address": [
    {
      "extension": [
        {
          "extension": [
            {
              "url": "municipality",
              "valueCoding": {
                "system": "urn:oid:2.16.578.1.12.4.1.1.3402",
                "code": "0301",
                "display": "Oslo"
              }
            }
          ],
          "url": "http://hl7.no/fhir/StructureDefinition/no-basis-propertyinformation"
        },
        {
          "url": "http://hl7.no/fhir/StructureDefinition/no-basis-address-official",
          "valueBoolean": true
        }
      ],
      "use": "home",
      "line": [
        "Stålverkskroken 14"
      ],
      "city": "Oslo",
      "district": "Oslo",
      "postalCode": "0661",
      "country": "NO"
    }
  ],
  "maritalStatus": {
    "coding": [
      {
        "system": "http://terminology.hl7.org/CodeSystem/v3-MaritalStatus",
        "code": "U",
        "display": "unmarried"
      }
    ]
  },
  "communication": [
    {
      "language": {
        "text": "Norsk"
      }
    }
  ],
  "generalPractitioner": [
    {
      "identifier": {
        "system": "urn:oid:2.16.578.1.12.4.1.2",
        "value": "720"
      },
      "display": "SIDSEL AASE JAVERY"
    }
  ]
}